
/home/runner/work/exp-process-simulator-iitkgp/exp-process-simulator-iitkgp/experiment/simulation/js/Psimulator.js
    13:5    warning  'vmaxs' is defined but never used                    no-unused-vars
    15:5    warning  'voltperdiv' is defined but never used               no-unused-vars
    15:16   warning  'timeperdiv' is defined but never used               no-unused-vars
    20:5    warning  'phsl' is assigned a value but never used            no-unused-vars
    27:1    warning  '$' is not defined                                   no-undef
    29:5    warning  '$' is not defined                                   no-undef
    41:29   warning  'v' is defined but never used                        no-unused-vars
    50:22   warning  Empty block statement                                no-empty
    53:15   warning  Empty block statement                                no-empty
    54:3    warning  Mixed spaces and tabs                                no-mixed-spaces-and-tabs
    60:5    warning  '$' is not defined                                   no-undef
    72:29   warning  'v' is defined but never used                        no-unused-vars
    82:22   warning  Empty block statement                                no-empty
    85:15   warning  Empty block statement                                no-empty
    86:3    warning  Mixed spaces and tabs                                no-mixed-spaces-and-tabs
    94:5    warning  '$' is not defined                                   no-undef
   106:29   warning  'v' is defined but never used                        no-unused-vars
   112:22   warning  Empty block statement                                no-empty
   115:15   warning  Empty block statement                                no-empty
   116:3    warning  Mixed spaces and tabs                                no-mixed-spaces-and-tabs
   121:5    warning  '$' is not defined                                   no-undef
   133:29   warning  'v' is defined but never used                        no-unused-vars
   140:22   warning  Empty block statement                                no-empty
   143:15   warning  Empty block statement                                no-empty
   144:3    warning  Mixed spaces and tabs                                no-mixed-spaces-and-tabs
   150:1    warning  Mixed spaces and tabs                                no-mixed-spaces-and-tabs
   150:3    warning  '$' is not defined                                   no-undef
   162:29   warning  'v' is defined but never used                        no-unused-vars
   172:22   warning  Empty block statement                                no-empty
   175:15   warning  Empty block statement                                no-empty
   176:3    warning  Mixed spaces and tabs                                no-mixed-spaces-and-tabs
   181:2    warning  '$' is not defined                                   no-undef
   196:2    warning  '$' is not defined                                   no-undef
   216:10   warning  'mainswt' is defined but never used                  no-unused-vars
   232:8    warning  Mixed spaces and tabs                                no-mixed-spaces-and-tabs
   240:8    warning  Mixed spaces and tabs                                no-mixed-spaces-and-tabs
   265:10   warning  'led' is defined but never used                      no-unused-vars
   272:1    warning  Mixed spaces and tabs                                no-mixed-spaces-and-tabs
   286:4    warning  'voltperdiv1' is not defined                         no-undef
   287:4    warning  'vmaxs1' is not defined                              no-undef
   287:24   warning  'voltperdiv1' is not defined                         no-undef
   288:3    warning  'voltperdiv2' is not defined                         no-undef
   289:3    warning  'vmaxs2' is not defined                              no-undef
   289:23   warning  'voltperdiv2' is not defined                         no-undef
   298:48   warning  'vmaxs1' is not defined                              no-undef
   301:47   warning  'vmaxs2' is not defined                              no-undef
   304:47   warning  'vmaxs1' is not defined                              no-undef
   305:47   warning  'vmaxs2' is not defined                              no-undef
   336:5    warning  'axismargin' is assigned a value but never used      no-unused-vars
   343:9    warning  'numofvrtcltick' is assigned a value but never used  no-unused-vars
   348:9    warning  'axislinewidth' is assigned a value but never used   no-unused-vars
   349:9    warning  'axiscolor' is assigned a value but never used       no-unused-vars
   421:10   warning  'posiy1chnge' is defined but never used              no-unused-vars
   426:19   warning  Empty block statement                                no-empty
   431:10   warning  'posiy2chnge' is defined but never used              no-unused-vars
   433:20   warning  Empty block statement                                no-empty
   441:10   warning  'posix2chnge' is defined but never used              no-unused-vars
   452:10   warning  'ampfng' is defined but never used                   no-unused-vars
   460:12   warning  Empty block statement                                no-empty
   463:16   warning  Empty block statement                                no-empty
   469:10   warning  'freqfng' is defined but never used                  no-unused-vars
   478:15   warning  Empty block statement                                no-empty
   481:16   warning  Empty block statement                                no-empty
   497:2    warning  Mixed spaces and tabs                                no-mixed-spaces-and-tabs
   498:2    warning  Mixed spaces and tabs                                no-mixed-spaces-and-tabs
   499:2    warning  Mixed spaces and tabs                                no-mixed-spaces-and-tabs
   500:2    warning  Mixed spaces and tabs                                no-mixed-spaces-and-tabs
   537:9    warning  'i' is already defined                               no-redeclare
   576:2    warning  Mixed spaces and tabs                                no-mixed-spaces-and-tabs
   576:4    warning  Unnecessary semicolon                                no-extra-semi
   577:2    warning  Mixed spaces and tabs                                no-mixed-spaces-and-tabs
   578:2    warning  Mixed spaces and tabs                                no-mixed-spaces-and-tabs
   579:2    warning  Mixed spaces and tabs                                no-mixed-spaces-and-tabs
   617:10   warning  'channel2' is defined but never used                 no-unused-vars
   624:2    warning  Mixed spaces and tabs                                no-mixed-spaces-and-tabs
   624:4    warning  Unnecessary semicolon                                no-extra-semi
   625:2    warning  Mixed spaces and tabs                                no-mixed-spaces-and-tabs
   626:2    warning  Mixed spaces and tabs                                no-mixed-spaces-and-tabs
   627:2    warning  Mixed spaces and tabs                                no-mixed-spaces-and-tabs
   638:2    warning  'dataOPPoints' is not defined                        no-undef
   644:2    warning  'dataOPPoints' is not defined                        no-undef
   651:2    warning  'dataOPPoints' is not defined                        no-undef
   659:2    warning  'dataOPPoints' is not defined                        no-undef
   666:2    warning  'dataOPPoints' is not defined                        no-undef
   673:2    warning  'dataOPPoints' is not defined                        no-undef
   694:53   warning  'vop' is defined but never used                      no-unused-vars
   694:57   warning  'count' is assigned a value but never used           no-unused-vars
   707:1    warning  Mixed spaces and tabs                                no-mixed-spaces-and-tabs
   708:1    warning  Mixed spaces and tabs                                no-mixed-spaces-and-tabs
   709:1    warning  Mixed spaces and tabs                                no-mixed-spaces-and-tabs
   710:1    warning  Mixed spaces and tabs                                no-mixed-spaces-and-tabs
   713:1    warning  Mixed spaces and tabs                                no-mixed-spaces-and-tabs
   714:1    warning  Mixed spaces and tabs                                no-mixed-spaces-and-tabs
   715:1    warning  Mixed spaces and tabs                                no-mixed-spaces-and-tabs
   716:1    warning  Mixed spaces and tabs                                no-mixed-spaces-and-tabs
   719:1    warning  Mixed spaces and tabs                                no-mixed-spaces-and-tabs
   720:1    warning  Mixed spaces and tabs                                no-mixed-spaces-and-tabs
   721:1    warning  Mixed spaces and tabs                                no-mixed-spaces-and-tabs
   722:1    warning  Mixed spaces and tabs                                no-mixed-spaces-and-tabs
   725:1    warning  Mixed spaces and tabs                                no-mixed-spaces-and-tabs
   726:1    warning  Mixed spaces and tabs                                no-mixed-spaces-and-tabs
   727:1    warning  Mixed spaces and tabs                                no-mixed-spaces-and-tabs
   728:1    warning  Mixed spaces and tabs                                no-mixed-spaces-and-tabs
   731:1    warning  Mixed spaces and tabs                                no-mixed-spaces-and-tabs
   732:1    warning  Mixed spaces and tabs                                no-mixed-spaces-and-tabs
   733:1    warning  Mixed spaces and tabs                                no-mixed-spaces-and-tabs
   741:11   warning  'math' is not defined                                no-undef
   744:1    warning  Mixed spaces and tabs                                no-mixed-spaces-and-tabs
   744:15   warning  'math' is not defined                                no-undef
   745:13   warning  'math' is not defined                                no-undef
   746:16   warning  'math' is not defined                                no-undef
   747:15   warning  'math' is not defined                                no-undef
   747:29   warning  'math' is not defined                                no-undef
   748:1    warning  Mixed spaces and tabs                                no-mixed-spaces-and-tabs
   749:1    warning  Mixed spaces and tabs                                no-mixed-spaces-and-tabs
   749:12   warning  'math' is not defined                                no-undef
   749:26   warning  'math' is not defined                                no-undef
   749:41   warning  'math' is not defined                                no-undef
   750:11   warning  'math' is not defined                                no-undef
   751:6    warning  's2' is assigned a value but never used              no-unused-vars
   753:14   warning  'math' is not defined                                no-undef
   757:12   warning  'math' is not defined                                no-undef
   757:32   warning  'math' is not defined                                no-undef
   759:16   warning  'math' is not defined                                no-undef
   759:32   warning  'math' is not defined                                no-undef
   759:46   warning  'math' is not defined                                no-undef
   759:69   warning  'math' is not defined                                no-undef
   760:16   warning  'math' is not defined                                no-undef
   760:32   warning  'math' is not defined                                no-undef
   760:52   warning  'math' is not defined                                no-undef
   761:16   warning  'math' is not defined                                no-undef
   761:32   warning  'math' is not defined                                no-undef
   761:51   warning  'math' is not defined                                no-undef
   765:24   warning  'math' is not defined                                no-undef
   767:15   warning  'math' is not defined                                no-undef
   767:26   warning  'math' is not defined                                no-undef
   767:40   warning  'math' is not defined                                no-undef
   767:55   warning  'math' is not defined                                no-undef
   767:92   warning  'math' is not defined                                no-undef
   767:103  warning  'math' is not defined                                no-undef
   767:117  warning  'math' is not defined                                no-undef
   767:126  warning  'math' is not defined                                no-undef
   767:149  warning  'math' is not defined                                no-undef
   771:14   warning  'math' is not defined                                no-undef
   771:35   warning  'math' is not defined                                no-undef
   771:44   warning  'math' is not defined                                no-undef
   771:51   warning  'math' is not defined                                no-undef
   772:14   warning  'math' is not defined                                no-undef
   772:35   warning  'math' is not defined                                no-undef
   772:44   warning  'math' is not defined                                no-undef
   772:51   warning  'math' is not defined                                no-undef
   774:1    warning  Mixed spaces and tabs                                no-mixed-spaces-and-tabs
   774:13   warning  'math' is not defined                                no-undef
   777:1    warning  Mixed spaces and tabs                                no-mixed-spaces-and-tabs
   778:1    warning  Mixed spaces and tabs                                no-mixed-spaces-and-tabs
   786:1    warning  Mixed spaces and tabs                                no-mixed-spaces-and-tabs
   787:1    warning  Mixed spaces and tabs                                no-mixed-spaces-and-tabs
   792:12   warning  'math' is not defined                                no-undef
   792:23   warning  'math' is not defined                                no-undef
   792:37   warning  'math' is not defined                                no-undef
   792:46   warning  'math' is not defined                                no-undef
   792:69   warning  'math' is not defined                                no-undef
   792:106  warning  'math' is not defined                                no-undef
   792:117  warning  'math' is not defined                                no-undef
   792:133  warning  'math' is not defined                                no-undef
   792:163  warning  'math' is not defined                                no-undef
   796:6    warning  'part1' is already defined                           no-redeclare
   797:6    warning  'part2' is already defined                           no-redeclare
   797:14   warning  'math' is not defined                                no-undef
   797:35   warning  'math' is not defined                                no-undef
   797:44   warning  'math' is not defined                                no-undef
   797:51   warning  'math' is not defined                                no-undef
   798:6    warning  'part3' is already defined                           no-redeclare
   798:14   warning  'math' is not defined                                no-undef
   798:35   warning  'math' is not defined                                no-undef
   798:44   warning  'math' is not defined                                no-undef
   798:51   warning  'math' is not defined                                no-undef
   800:1    warning  Mixed spaces and tabs                                no-mixed-spaces-and-tabs
   800:13   warning  'math' is not defined                                no-undef
   804:1    warning  Mixed spaces and tabs                                no-mixed-spaces-and-tabs
   805:1    warning  Mixed spaces and tabs                                no-mixed-spaces-and-tabs
   813:1    warning  Mixed spaces and tabs                                no-mixed-spaces-and-tabs
   814:1    warning  Mixed spaces and tabs                                no-mixed-spaces-and-tabs
   815:1    warning  Mixed spaces and tabs                                no-mixed-spaces-and-tabs
   818:1    warning  Mixed spaces and tabs                                no-mixed-spaces-and-tabs
   818:15   warning  'math' is not defined                                no-undef
   821:16   warning  'math' is not defined                                no-undef
   821:30   warning  'math' is not defined                                no-undef
   825:6    warning  'vir2Pos' is already defined                         no-redeclare
   825:16   warning  'math' is not defined                                no-undef
   825:30   warning  'math' is not defined                                no-undef
   829:14   warning  'math' is not defined                                no-undef
   829:23   warning  'math' is not defined                                no-undef
   838:18   warning  'CanvasJS' is not defined                            no-undef
   841:2    warning  Mixed spaces and tabs                                no-mixed-spaces-and-tabs
   842:2    warning  Mixed spaces and tabs                                no-mixed-spaces-and-tabs
   844:2    warning  Mixed spaces and tabs                                no-mixed-spaces-and-tabs
   845:1    warning  Mixed spaces and tabs                                no-mixed-spaces-and-tabs
   847:1    warning  Mixed spaces and tabs                                no-mixed-spaces-and-tabs
   849:1    warning  Mixed spaces and tabs                                no-mixed-spaces-and-tabs
   850:1    warning  Mixed spaces and tabs                                no-mixed-spaces-and-tabs
   856:1    warning  Mixed spaces and tabs                                no-mixed-spaces-and-tabs
   926:53   warning  'vop' is defined but never used                      no-unused-vars
   926:57   warning  'count' is assigned a value but never used           no-unused-vars
   944:11   warning  'math' is not defined                                no-undef
   947:11   warning  'math' is not defined                                no-undef
   952:1    warning  Mixed spaces and tabs                                no-mixed-spaces-and-tabs
   953:1    warning  Mixed spaces and tabs                                no-mixed-spaces-and-tabs
   953:15   warning  'math' is not defined                                no-undef
   954:13   warning  'math' is not defined                                no-undef
   955:16   warning  'math' is not defined                                no-undef
   956:15   warning  'math' is not defined                                no-undef
   956:29   warning  'math' is not defined                                no-undef
   957:1    warning  Mixed spaces and tabs                                no-mixed-spaces-and-tabs
   958:1    warning  Mixed spaces and tabs                                no-mixed-spaces-and-tabs
   958:12   warning  'math' is not defined                                no-undef
   958:29   warning  'math' is not defined                                no-undef
   958:45   warning  Unnecessary semicolon                                no-extra-semi
   959:1    warning  Mixed spaces and tabs                                no-mixed-spaces-and-tabs
   959:12   warning  'math' is not defined                                no-undef
   959:21   warning  'math' is not defined                                no-undef
   960:1    warning  Mixed spaces and tabs                                no-mixed-spaces-and-tabs
   960:12   warning  'math' is not defined                                no-undef
   961:1    warning  Mixed spaces and tabs                                no-mixed-spaces-and-tabs
   963:14   warning  'math' is not defined                                no-undef
   968:14   warning  'math' is not defined                                no-undef
   968:34   warning  'math' is not defined                                no-undef
   969:14   warning  'math' is not defined                                no-undef
   969:31   warning  'math' is not defined                                no-undef
   969:40   warning  'math' is not defined                                no-undef
   969:68   warning  'math' is not defined                                no-undef
   970:14   warning  'math' is not defined                                no-undef
   970:31   warning  'math' is not defined                                no-undef
   970:40   warning  'math' is not defined                                no-undef
   970:67   warning  'math' is not defined                                no-undef
   971:14   warning  'math' is not defined                                no-undef
   971:31   warning  'math' is not defined                                no-undef
   971:40   warning  'math' is not defined                                no-undef
   971:68   warning  'math' is not defined                                no-undef
   973:11   warning  'math' is not defined                                no-undef
   973:29   warning  'math' is not defined                                no-undef
   973:43   warning  'math' is not defined                                no-undef
   973:66   warning  'math' is not defined                                no-undef
   973:88   warning  'math' is not defined                                no-undef
   974:11   warning  'math' is not defined                                no-undef
   974:29   warning  'math' is not defined                                no-undef
   974:49   warning  'math' is not defined                                no-undef
   974:75   warning  'math' is not defined                                no-undef
   975:11   warning  'math' is not defined                                no-undef
   975:29   warning  'math' is not defined                                no-undef
   975:48   warning  'math' is not defined                                no-undef
   975:74   warning  'math' is not defined                                no-undef
   976:11   warning  'math' is not defined                                no-undef
   976:29   warning  'math' is not defined                                no-undef
   976:49   warning  'math' is not defined                                no-undef
   976:76   warning  'math' is not defined                                no-undef
   980:24   warning  'math' is not defined                                no-undef
   982:1    warning  Mixed spaces and tabs                                no-mixed-spaces-and-tabs
   982:16   warning  'math' is not defined                                no-undef
   982:27   warning  'math' is not defined                                no-undef
   982:41   warning  'math' is not defined                                no-undef
   982:56   warning  'math' is not defined                                no-undef
   982:93   warning  'math' is not defined                                no-undef
   982:104  warning  'math' is not defined                                no-undef
   982:118  warning  'math' is not defined                                no-undef
   982:127  warning  'math' is not defined                                no-undef
   982:150  warning  'math' is not defined                                no-undef
   986:14   warning  'math' is not defined                                no-undef
   986:30   warning  'math' is not defined                                no-undef
   986:39   warning  'math' is not defined                                no-undef
   986:46   warning  'math' is not defined                                no-undef
   987:14   warning  'math' is not defined                                no-undef
   987:30   warning  'math' is not defined                                no-undef
   987:39   warning  'math' is not defined                                no-undef
   987:46   warning  'math' is not defined                                no-undef
   988:14   warning  'math' is not defined                                no-undef
   988:30   warning  'math' is not defined                                no-undef
   988:39   warning  'math' is not defined                                no-undef
   988:46   warning  'math' is not defined                                no-undef
   990:13   warning  'math' is not defined                                no-undef
   993:1    warning  Mixed spaces and tabs                                no-mixed-spaces-and-tabs
   994:1    warning  Mixed spaces and tabs                                no-mixed-spaces-and-tabs
   995:1    warning  Mixed spaces and tabs                                no-mixed-spaces-and-tabs
   996:1    warning  Mixed spaces and tabs                                no-mixed-spaces-and-tabs
   996:15   warning  'math' is not defined                                no-undef
  1000:16   warning  'math' is not defined                                no-undef
  1000:30   warning  'math' is not defined                                no-undef
  1004:6    warning  'vir2Pos' is already defined                         no-redeclare
  1004:16   warning  'math' is not defined                                no-undef
  1004:30   warning  'math' is not defined                                no-undef
  1010:11   warning  't' is already defined                               no-redeclare
  1010:15   warning  'math' is not defined                                no-undef
  1010:26   warning  'math' is not defined                                no-undef
  1010:40   warning  'math' is not defined                                no-undef
  1010:49   warning  'math' is not defined                                no-undef
  1010:72   warning  'math' is not defined                                no-undef
  1010:109  warning  'math' is not defined                                no-undef
  1010:120  warning  'math' is not defined                                no-undef
  1010:136  warning  'math' is not defined                                no-undef
  1010:166  warning  'math' is not defined                                no-undef
  1013:6    warning  'part1' is already defined                           no-redeclare
  1014:6    warning  'part2' is already defined                           no-redeclare
  1014:14   warning  'math' is not defined                                no-undef
  1014:30   warning  'math' is not defined                                no-undef
  1014:39   warning  'math' is not defined                                no-undef
  1014:46   warning  'math' is not defined                                no-undef
  1015:6    warning  'part3' is already defined                           no-redeclare
  1015:14   warning  'math' is not defined                                no-undef
  1015:30   warning  'math' is not defined                                no-undef
  1015:39   warning  'math' is not defined                                no-undef
  1015:46   warning  'math' is not defined                                no-undef
  1016:6    warning  'part4' is already defined                           no-redeclare
  1016:14   warning  'math' is not defined                                no-undef
  1016:30   warning  'math' is not defined                                no-undef
  1016:39   warning  'math' is not defined                                no-undef
  1016:46   warning  'math' is not defined                                no-undef
  1018:6    warning  'yop' is already defined                             no-redeclare
  1018:13   warning  'math' is not defined                                no-undef
  1021:1    warning  Mixed spaces and tabs                                no-mixed-spaces-and-tabs
  1022:1    warning  Mixed spaces and tabs                                no-mixed-spaces-and-tabs
  1028:14   warning  'math' is not defined                                no-undef
  1028:23   warning  'math' is not defined                                no-undef
  1034:18   warning  'CanvasJS' is not defined                            no-undef
  1037:2    warning  Mixed spaces and tabs                                no-mixed-spaces-and-tabs
  1038:2    warning  Mixed spaces and tabs                                no-mixed-spaces-and-tabs
  1040:2    warning  Mixed spaces and tabs                                no-mixed-spaces-and-tabs
  1041:1    warning  Mixed spaces and tabs                                no-mixed-spaces-and-tabs
  1043:1    warning  Mixed spaces and tabs                                no-mixed-spaces-and-tabs
  1045:1    warning  Mixed spaces and tabs                                no-mixed-spaces-and-tabs
  1046:1    warning  Mixed spaces and tabs                                no-mixed-spaces-and-tabs
  1052:1    warning  Mixed spaces and tabs                                no-mixed-spaces-and-tabs
  1121:53   warning  'vop' is defined but never used                      no-unused-vars
  1121:57   warning  'count' is assigned a value but never used           no-unused-vars
  1139:11   warning  'math' is not defined                                no-undef
  1142:11   warning  'math' is not defined                                no-undef
  1145:11   warning  'math' is not defined                                no-undef
  1150:1    warning  Mixed spaces and tabs                                no-mixed-spaces-and-tabs
  1150:16   warning  'math' is not defined                                no-undef
  1151:13   warning  'math' is not defined                                no-undef
  1152:16   warning  'math' is not defined                                no-undef
  1153:15   warning  'math' is not defined                                no-undef
  1153:29   warning  'math' is not defined                                no-undef
  1154:1    warning  Mixed spaces and tabs                                no-mixed-spaces-and-tabs
  1155:1    warning  Mixed spaces and tabs                                no-mixed-spaces-and-tabs
  1155:12   warning  'math' is not defined                                no-undef
  1155:29   warning  'math' is not defined                                no-undef
  1155:45   warning  Unnecessary semicolon                                no-extra-semi
  1156:1    warning  Mixed spaces and tabs                                no-mixed-spaces-and-tabs
  1156:12   warning  'math' is not defined                                no-undef
  1156:26   warning  'math' is not defined                                no-undef
  1156:41   warning  'math' is not defined                                no-undef
  1157:1    warning  Mixed spaces and tabs                                no-mixed-spaces-and-tabs
  1157:12   warning  'math' is not defined                                no-undef
  1157:21   warning  'math' is not defined                                no-undef
  1157:46   warning  'math' is not defined                                no-undef
  1157:63   warning  'math' is not defined                                no-undef
  1158:1    warning  Mixed spaces and tabs                                no-mixed-spaces-and-tabs
  1160:14   warning  'math' is not defined                                no-undef
  1165:14   warning  'math' is not defined                                no-undef
  1165:34   warning  'math' is not defined                                no-undef
  1166:14   warning  'math' is not defined                                no-undef
  1166:31   warning  'math' is not defined                                no-undef
  1166:40   warning  'math' is not defined                                no-undef
  1166:67   warning  'math' is not defined                                no-undef
  1166:84   warning  'math' is not defined                                no-undef
  1166:104  warning  'math' is not defined                                no-undef
  1167:14   warning  'math' is not defined                                no-undef
  1167:31   warning  'math' is not defined                                no-undef
  1167:40   warning  'math' is not defined                                no-undef
  1167:66   warning  'math' is not defined                                no-undef
  1167:83   warning  'math' is not defined                                no-undef
  1167:102  warning  'math' is not defined                                no-undef
  1168:14   warning  'math' is not defined                                no-undef
  1168:31   warning  'math' is not defined                                no-undef
  1168:40   warning  'math' is not defined                                no-undef
  1168:67   warning  'math' is not defined                                no-undef
  1168:84   warning  'math' is not defined                                no-undef
  1168:104  warning  'math' is not defined                                no-undef
  1170:11   warning  'math' is not defined                                no-undef
  1170:29   warning  'math' is not defined                                no-undef
  1170:43   warning  'math' is not defined                                no-undef
  1170:66   warning  'math' is not defined                                no-undef
  1170:88   warning  'math' is not defined                                no-undef
  1171:11   warning  'math' is not defined                                no-undef
  1171:29   warning  'math' is not defined                                no-undef
  1171:49   warning  'math' is not defined                                no-undef
  1171:75   warning  'math' is not defined                                no-undef
  1172:11   warning  'math' is not defined                                no-undef
  1172:29   warning  'math' is not defined                                no-undef
  1172:48   warning  'math' is not defined                                no-undef
  1172:74   warning  'math' is not defined                                no-undef
  1173:11   warning  'math' is not defined                                no-undef
  1173:29   warning  'math' is not defined                                no-undef
  1173:49   warning  'math' is not defined                                no-undef
  1173:76   warning  'math' is not defined                                no-undef
  1177:24   warning  'math' is not defined                                no-undef
  1179:1    warning  Mixed spaces and tabs                                no-mixed-spaces-and-tabs
  1179:16   warning  'math' is not defined                                no-undef
  1179:27   warning  'math' is not defined                                no-undef
  1179:41   warning  'math' is not defined                                no-undef
  1179:56   warning  'math' is not defined                                no-undef
  1179:93   warning  'math' is not defined                                no-undef
  1179:104  warning  'math' is not defined                                no-undef
  1179:118  warning  'math' is not defined                                no-undef
  1179:127  warning  'math' is not defined                                no-undef
  1179:150  warning  'math' is not defined                                no-undef
  1183:14   warning  'math' is not defined                                no-undef
  1183:30   warning  'math' is not defined                                no-undef
  1183:39   warning  'math' is not defined                                no-undef
  1183:46   warning  'math' is not defined                                no-undef
  1184:14   warning  'math' is not defined                                no-undef
  1184:30   warning  'math' is not defined                                no-undef
  1184:39   warning  'math' is not defined                                no-undef
  1184:46   warning  'math' is not defined                                no-undef
  1185:14   warning  'math' is not defined                                no-undef
  1185:30   warning  'math' is not defined                                no-undef
  1185:39   warning  'math' is not defined                                no-undef
  1185:46   warning  'math' is not defined                                no-undef
  1187:13   warning  'math' is not defined                                no-undef
  1190:1    warning  Mixed spaces and tabs                                no-mixed-spaces-and-tabs
  1191:1    warning  Mixed spaces and tabs                                no-mixed-spaces-and-tabs
  1192:1    warning  Mixed spaces and tabs                                no-mixed-spaces-and-tabs
  1193:1    warning  Mixed spaces and tabs                                no-mixed-spaces-and-tabs
  1193:15   warning  'math' is not defined                                no-undef
  1197:16   warning  'math' is not defined                                no-undef
  1197:30   warning  'math' is not defined                                no-undef
  1201:6    warning  'vir2Pos' is already defined                         no-redeclare
  1201:16   warning  'math' is not defined                                no-undef
  1201:30   warning  'math' is not defined                                no-undef
  1207:11   warning  't' is already defined                               no-redeclare
  1207:15   warning  'math' is not defined                                no-undef
  1207:26   warning  'math' is not defined                                no-undef
  1207:40   warning  'math' is not defined                                no-undef
  1207:49   warning  'math' is not defined                                no-undef
  1207:72   warning  'math' is not defined                                no-undef
  1207:109  warning  'math' is not defined                                no-undef
  1207:120  warning  'math' is not defined                                no-undef
  1207:136  warning  'math' is not defined                                no-undef
  1207:166  warning  'math' is not defined                                no-undef
  1210:6    warning  'part1' is already defined                           no-redeclare
  1211:6    warning  'part2' is already defined                           no-redeclare
  1211:14   warning  'math' is not defined                                no-undef
  1211:30   warning  'math' is not defined                                no-undef
  1211:39   warning  'math' is not defined                                no-undef
  1211:46   warning  'math' is not defined                                no-undef
  1212:6    warning  'part3' is already defined                           no-redeclare
  1212:14   warning  'math' is not defined                                no-undef
  1212:30   warning  'math' is not defined                                no-undef
  1212:39   warning  'math' is not defined                                no-undef
  1212:46   warning  'math' is not defined                                no-undef
  1213:6    warning  'part4' is already defined                           no-redeclare
  1213:14   warning  'math' is not defined                                no-undef
  1213:30   warning  'math' is not defined                                no-undef
  1213:39   warning  'math' is not defined                                no-undef
  1213:46   warning  'math' is not defined                                no-undef
  1215:6    warning  'yop' is already defined                             no-redeclare
  1215:13   warning  'math' is not defined                                no-undef
  1218:1    warning  Mixed spaces and tabs                                no-mixed-spaces-and-tabs
  1219:1    warning  Mixed spaces and tabs                                no-mixed-spaces-and-tabs
  1225:14   warning  'math' is not defined                                no-undef
  1225:23   warning  'math' is not defined                                no-undef
  1231:18   warning  'CanvasJS' is not defined                            no-undef
  1234:2    warning  Mixed spaces and tabs                                no-mixed-spaces-and-tabs
  1235:2    warning  Mixed spaces and tabs                                no-mixed-spaces-and-tabs
  1237:2    warning  Mixed spaces and tabs                                no-mixed-spaces-and-tabs
  1238:1    warning  Mixed spaces and tabs                                no-mixed-spaces-and-tabs
  1240:1    warning  Mixed spaces and tabs                                no-mixed-spaces-and-tabs
  1242:1    warning  Mixed spaces and tabs                                no-mixed-spaces-and-tabs
  1243:1    warning  Mixed spaces and tabs                                no-mixed-spaces-and-tabs
  1249:1    warning  Mixed spaces and tabs                                no-mixed-spaces-and-tabs
  1306:10   warning  'dual' is defined but never used                     no-unused-vars
  1330:9    warning  'i' is already defined                               no-redeclare
  1362:2    warning  'dataOPPoints' is not defined                        no-undef
  1368:2    warning  'dataOPPoints' is not defined                        no-undef
  1374:2    warning  'dataOPPoints' is not defined                        no-undef
  1382:2    warning  'dataOPPoints' is not defined                        no-undef
  1389:2    warning  'dataOPPoints' is not defined                        no-undef
  1396:2    warning  'dataOPPoints' is not defined                        no-undef
  1413:53   warning  'vop' is defined but never used                      no-unused-vars
  1413:57   warning  'count' is assigned a value but never used           no-unused-vars
  1426:1    warning  Mixed spaces and tabs                                no-mixed-spaces-and-tabs
  1427:1    warning  Mixed spaces and tabs                                no-mixed-spaces-and-tabs
  1428:1    warning  Mixed spaces and tabs                                no-mixed-spaces-and-tabs
  1429:1    warning  Mixed spaces and tabs                                no-mixed-spaces-and-tabs
  1432:1    warning  Mixed spaces and tabs                                no-mixed-spaces-and-tabs
  1433:1    warning  Mixed spaces and tabs                                no-mixed-spaces-and-tabs
  1434:1    warning  Mixed spaces and tabs                                no-mixed-spaces-and-tabs
  1435:1    warning  Mixed spaces and tabs                                no-mixed-spaces-and-tabs
  1438:1    warning  Mixed spaces and tabs                                no-mixed-spaces-and-tabs
  1439:1    warning  Mixed spaces and tabs                                no-mixed-spaces-and-tabs
  1440:1    warning  Mixed spaces and tabs                                no-mixed-spaces-and-tabs
  1441:1    warning  Mixed spaces and tabs                                no-mixed-spaces-and-tabs
  1444:1    warning  Mixed spaces and tabs                                no-mixed-spaces-and-tabs
  1445:1    warning  Mixed spaces and tabs                                no-mixed-spaces-and-tabs
  1446:1    warning  Mixed spaces and tabs                                no-mixed-spaces-and-tabs
  1447:1    warning  Mixed spaces and tabs                                no-mixed-spaces-and-tabs
  1450:1    warning  Mixed spaces and tabs                                no-mixed-spaces-and-tabs
  1451:1    warning  Mixed spaces and tabs                                no-mixed-spaces-and-tabs
  1452:1    warning  Mixed spaces and tabs                                no-mixed-spaces-and-tabs
  1460:11   warning  'math' is not defined                                no-undef
  1463:1    warning  Mixed spaces and tabs                                no-mixed-spaces-and-tabs
  1463:16   warning  'math' is not defined                                no-undef
  1464:13   warning  'math' is not defined                                no-undef
  1465:16   warning  'math' is not defined                                no-undef
  1466:15   warning  'math' is not defined                                no-undef
  1466:29   warning  'math' is not defined                                no-undef
  1467:1    warning  Mixed spaces and tabs                                no-mixed-spaces-and-tabs
  1468:1    warning  Mixed spaces and tabs                                no-mixed-spaces-and-tabs
  1468:12   warning  'math' is not defined                                no-undef
  1468:26   warning  'math' is not defined                                no-undef
  1468:41   warning  'math' is not defined                                no-undef
  1469:11   warning  'math' is not defined                                no-undef
  1470:6    warning  's2' is assigned a value but never used              no-unused-vars
  1472:14   warning  'math' is not defined                                no-undef
  1476:12   warning  'math' is not defined                                no-undef
  1476:32   warning  'math' is not defined                                no-undef
  1478:16   warning  'math' is not defined                                no-undef
  1478:32   warning  'math' is not defined                                no-undef
  1478:46   warning  'math' is not defined                                no-undef
  1478:69   warning  'math' is not defined                                no-undef
  1479:16   warning  'math' is not defined                                no-undef
  1479:32   warning  'math' is not defined                                no-undef
  1479:52   warning  'math' is not defined                                no-undef
  1480:16   warning  'math' is not defined                                no-undef
  1480:32   warning  'math' is not defined                                no-undef
  1480:51   warning  'math' is not defined                                no-undef
  1484:24   warning  'math' is not defined                                no-undef
  1486:15   warning  'math' is not defined                                no-undef
  1486:26   warning  'math' is not defined                                no-undef
  1486:40   warning  'math' is not defined                                no-undef
  1486:55   warning  'math' is not defined                                no-undef
  1486:92   warning  'math' is not defined                                no-undef
  1486:103  warning  'math' is not defined                                no-undef
  1486:117  warning  'math' is not defined                                no-undef
  1486:126  warning  'math' is not defined                                no-undef
  1486:149  warning  'math' is not defined                                no-undef
  1490:14   warning  'math' is not defined                                no-undef
  1490:35   warning  'math' is not defined                                no-undef
  1490:44   warning  'math' is not defined                                no-undef
  1490:51   warning  'math' is not defined                                no-undef
  1491:14   warning  'math' is not defined                                no-undef
  1491:35   warning  'math' is not defined                                no-undef
  1491:44   warning  'math' is not defined                                no-undef
  1491:51   warning  'math' is not defined                                no-undef
  1493:13   warning  'math' is not defined                                no-undef
  1496:1    warning  Mixed spaces and tabs                                no-mixed-spaces-and-tabs
  1506:13   warning  'math' is not defined                                no-undef
  1507:12   warning  'math' is not defined                                no-undef
  1507:24   warning  'math' is not defined                                no-undef
  1516:16   warning  'math' is not defined                                no-undef
  1516:30   warning  'math' is not defined                                no-undef
  1520:6    warning  'vir2Pos' is already defined                         no-redeclare
  1520:16   warning  'math' is not defined                                no-undef
  1520:30   warning  'math' is not defined                                no-undef
  1526:11   warning  't' is already defined                               no-redeclare
  1526:15   warning  'math' is not defined                                no-undef
  1526:26   warning  'math' is not defined                                no-undef
  1526:40   warning  'math' is not defined                                no-undef
  1526:49   warning  'math' is not defined                                no-undef
  1526:72   warning  'math' is not defined                                no-undef
  1526:109  warning  'math' is not defined                                no-undef
  1526:120  warning  'math' is not defined                                no-undef
  1526:136  warning  'math' is not defined                                no-undef
  1526:166  warning  'math' is not defined                                no-undef
  1529:6    warning  'part1' is already defined                           no-redeclare
  1530:6    warning  'part2' is already defined                           no-redeclare
  1530:14   warning  'math' is not defined                                no-undef
  1530:35   warning  'math' is not defined                                no-undef
  1530:44   warning  'math' is not defined                                no-undef
  1530:51   warning  'math' is not defined                                no-undef
  1531:6    warning  'part3' is already defined                           no-redeclare
  1531:14   warning  'math' is not defined                                no-undef
  1531:35   warning  'math' is not defined                                no-undef
  1531:44   warning  'math' is not defined                                no-undef
  1531:51   warning  'math' is not defined                                no-undef
  1533:6    warning  'yop' is already defined                             no-redeclare
  1533:13   warning  'math' is not defined                                no-undef
  1537:1    warning  Mixed spaces and tabs                                no-mixed-spaces-and-tabs
  1538:1    warning  Mixed spaces and tabs                                no-mixed-spaces-and-tabs
  1546:6    warning  'set' is already defined                             no-redeclare
  1547:6    warning  'diff' is already defined                            no-redeclare
  1547:13   warning  'math' is not defined                                no-undef
  1548:12   warning  'math' is not defined                                no-undef
  1548:24   warning  'math' is not defined                                no-undef
  1556:18   warning  'CanvasJS' is not defined                            no-undef
  1559:2    warning  Mixed spaces and tabs                                no-mixed-spaces-and-tabs
  1560:2    warning  Mixed spaces and tabs                                no-mixed-spaces-and-tabs
  1562:2    warning  Mixed spaces and tabs                                no-mixed-spaces-and-tabs
  1563:1    warning  Mixed spaces and tabs                                no-mixed-spaces-and-tabs
  1565:1    warning  Mixed spaces and tabs                                no-mixed-spaces-and-tabs
  1567:1    warning  Mixed spaces and tabs                                no-mixed-spaces-and-tabs
  1568:1    warning  Mixed spaces and tabs                                no-mixed-spaces-and-tabs
  1573:1    warning  Mixed spaces and tabs                                no-mixed-spaces-and-tabs
  1641:53   warning  'vop' is defined but never used                      no-unused-vars
  1641:57   warning  'count' is assigned a value but never used           no-unused-vars
  1659:11   warning  'math' is not defined                                no-undef
  1662:11   warning  'math' is not defined                                no-undef
  1667:1    warning  Mixed spaces and tabs                                no-mixed-spaces-and-tabs
  1667:15   warning  'math' is not defined                                no-undef
  1668:13   warning  'math' is not defined                                no-undef
  1669:16   warning  'math' is not defined                                no-undef
  1670:15   warning  'math' is not defined                                no-undef
  1670:29   warning  'math' is not defined                                no-undef
  1671:1    warning  Mixed spaces and tabs                                no-mixed-spaces-and-tabs
  1672:1    warning  Mixed spaces and tabs                                no-mixed-spaces-and-tabs
  1672:12   warning  'math' is not defined                                no-undef
  1672:29   warning  'math' is not defined                                no-undef
  1672:45   warning  Unnecessary semicolon                                no-extra-semi
  1673:1    warning  Mixed spaces and tabs                                no-mixed-spaces-and-tabs
  1673:12   warning  'math' is not defined                                no-undef
  1673:21   warning  'math' is not defined                                no-undef
  1674:1    warning  Mixed spaces and tabs                                no-mixed-spaces-and-tabs
  1674:12   warning  'math' is not defined                                no-undef
  1675:1    warning  Mixed spaces and tabs                                no-mixed-spaces-and-tabs
  1677:14   warning  'math' is not defined                                no-undef
  1682:14   warning  'math' is not defined                                no-undef
  1682:34   warning  'math' is not defined                                no-undef
  1683:14   warning  'math' is not defined                                no-undef
  1683:31   warning  'math' is not defined                                no-undef
  1683:40   warning  'math' is not defined                                no-undef
  1683:68   warning  'math' is not defined                                no-undef
  1684:14   warning  'math' is not defined                                no-undef
  1684:31   warning  'math' is not defined                                no-undef
  1684:40   warning  'math' is not defined                                no-undef
  1684:67   warning  'math' is not defined                                no-undef
  1685:14   warning  'math' is not defined                                no-undef
  1685:31   warning  'math' is not defined                                no-undef
  1685:40   warning  'math' is not defined                                no-undef
  1685:68   warning  'math' is not defined                                no-undef
  1687:11   warning  'math' is not defined                                no-undef
  1687:29   warning  'math' is not defined                                no-undef
  1687:43   warning  'math' is not defined                                no-undef
  1687:66   warning  'math' is not defined                                no-undef
  1687:88   warning  'math' is not defined                                no-undef
  1688:11   warning  'math' is not defined                                no-undef
  1688:29   warning  'math' is not defined                                no-undef
  1688:49   warning  'math' is not defined                                no-undef
  1688:75   warning  'math' is not defined                                no-undef
  1689:11   warning  'math' is not defined                                no-undef
  1689:29   warning  'math' is not defined                                no-undef
  1689:48   warning  'math' is not defined                                no-undef
  1689:74   warning  'math' is not defined                                no-undef
  1690:11   warning  'math' is not defined                                no-undef
  1690:29   warning  'math' is not defined                                no-undef
  1690:49   warning  'math' is not defined                                no-undef
  1690:76   warning  'math' is not defined                                no-undef
  1694:24   warning  'math' is not defined                                no-undef
  1696:15   warning  'math' is not defined                                no-undef
  1696:26   warning  'math' is not defined                                no-undef
  1696:40   warning  'math' is not defined                                no-undef
  1696:55   warning  'math' is not defined                                no-undef
  1696:92   warning  'math' is not defined                                no-undef
  1696:103  warning  'math' is not defined                                no-undef
  1696:117  warning  'math' is not defined                                no-undef
  1696:126  warning  'math' is not defined                                no-undef
  1696:149  warning  'math' is not defined                                no-undef
  1700:14   warning  'math' is not defined                                no-undef
  1700:30   warning  'math' is not defined                                no-undef
  1700:39   warning  'math' is not defined                                no-undef
  1700:46   warning  'math' is not defined                                no-undef
  1701:14   warning  'math' is not defined                                no-undef
  1701:30   warning  'math' is not defined                                no-undef
  1701:39   warning  'math' is not defined                                no-undef
  1701:46   warning  'math' is not defined                                no-undef
  1702:14   warning  'math' is not defined                                no-undef
  1702:30   warning  'math' is not defined                                no-undef
  1702:39   warning  'math' is not defined                                no-undef
  1702:46   warning  'math' is not defined                                no-undef
  1704:13   warning  'math' is not defined                                no-undef
  1707:1    warning  Mixed spaces and tabs                                no-mixed-spaces-and-tabs
  1708:1    warning  Mixed spaces and tabs                                no-mixed-spaces-and-tabs
  1711:13   warning  'math' is not defined                                no-undef
  1712:12   warning  'math' is not defined                                no-undef
  1712:24   warning  'math' is not defined                                no-undef
  1721:16   warning  'math' is not defined                                no-undef
  1721:30   warning  'math' is not defined                                no-undef
  1725:6    warning  'vir2Pos' is already defined                         no-redeclare
  1725:16   warning  'math' is not defined                                no-undef
  1725:30   warning  'math' is not defined                                no-undef
  1731:11   warning  't' is already defined                               no-redeclare
  1731:15   warning  'math' is not defined                                no-undef
  1731:26   warning  'math' is not defined                                no-undef
  1731:40   warning  'math' is not defined                                no-undef
  1731:49   warning  'math' is not defined                                no-undef
  1731:72   warning  'math' is not defined                                no-undef
  1731:109  warning  'math' is not defined                                no-undef
  1731:120  warning  'math' is not defined                                no-undef
  1731:136  warning  'math' is not defined                                no-undef
  1731:166  warning  'math' is not defined                                no-undef
  1734:6    warning  'part1' is already defined                           no-redeclare
  1735:6    warning  'part2' is already defined                           no-redeclare
  1735:14   warning  'math' is not defined                                no-undef
  1735:30   warning  'math' is not defined                                no-undef
  1735:39   warning  'math' is not defined                                no-undef
  1735:46   warning  'math' is not defined                                no-undef
  1736:6    warning  'part3' is already defined                           no-redeclare
  1736:14   warning  'math' is not defined                                no-undef
  1736:30   warning  'math' is not defined                                no-undef
  1736:39   warning  'math' is not defined                                no-undef
  1736:46   warning  'math' is not defined                                no-undef
  1737:6    warning  'part4' is already defined                           no-redeclare
  1737:14   warning  'math' is not defined                                no-undef
  1737:30   warning  'math' is not defined                                no-undef
  1737:39   warning  'math' is not defined                                no-undef
  1737:46   warning  'math' is not defined                                no-undef
  1739:6    warning  'yop' is already defined                             no-redeclare
  1739:13   warning  'math' is not defined                                no-undef
  1742:1    warning  Mixed spaces and tabs                                no-mixed-spaces-and-tabs
  1743:1    warning  Mixed spaces and tabs                                no-mixed-spaces-and-tabs
  1745:6    warning  'set' is already defined                             no-redeclare
  1750:6    warning  'diff' is already defined                            no-redeclare
  1750:13   warning  'math' is not defined                                no-undef
  1751:12   warning  'math' is not defined                                no-undef
  1751:24   warning  'math' is not defined                                no-undef
  1760:18   warning  'CanvasJS' is not defined                            no-undef
  1763:2    warning  Mixed spaces and tabs                                no-mixed-spaces-and-tabs
  1764:2    warning  Mixed spaces and tabs                                no-mixed-spaces-and-tabs
  1766:2    warning  Mixed spaces and tabs                                no-mixed-spaces-and-tabs
  1767:1    warning  Mixed spaces and tabs                                no-mixed-spaces-and-tabs
  1769:1    warning  Mixed spaces and tabs                                no-mixed-spaces-and-tabs
  1771:1    warning  Mixed spaces and tabs                                no-mixed-spaces-and-tabs
  1772:1    warning  Mixed spaces and tabs                                no-mixed-spaces-and-tabs
  1777:1    warning  Mixed spaces and tabs                                no-mixed-spaces-and-tabs
  1846:53   warning  'vop' is defined but never used                      no-unused-vars
  1846:57   warning  'count' is assigned a value but never used           no-unused-vars
  1864:11   warning  'math' is not defined                                no-undef
  1867:11   warning  'math' is not defined                                no-undef
  1870:11   warning  'math' is not defined                                no-undef
  1875:1    warning  Mixed spaces and tabs                                no-mixed-spaces-and-tabs
  1875:15   warning  'math' is not defined                                no-undef
  1876:13   warning  'math' is not defined                                no-undef
  1877:16   warning  'math' is not defined                                no-undef
  1878:15   warning  'math' is not defined                                no-undef
  1878:29   warning  'math' is not defined                                no-undef
  1879:1    warning  Mixed spaces and tabs                                no-mixed-spaces-and-tabs
  1880:1    warning  Mixed spaces and tabs                                no-mixed-spaces-and-tabs
  1880:12   warning  'math' is not defined                                no-undef
  1880:29   warning  'math' is not defined                                no-undef
  1880:45   warning  Unnecessary semicolon                                no-extra-semi
  1881:1    warning  Mixed spaces and tabs                                no-mixed-spaces-and-tabs
  1881:12   warning  'math' is not defined                                no-undef
  1881:26   warning  'math' is not defined                                no-undef
  1881:41   warning  'math' is not defined                                no-undef
  1882:1    warning  Mixed spaces and tabs                                no-mixed-spaces-and-tabs
  1882:12   warning  'math' is not defined                                no-undef
  1882:21   warning  'math' is not defined                                no-undef
  1882:46   warning  'math' is not defined                                no-undef
  1882:63   warning  'math' is not defined                                no-undef
  1883:1    warning  Mixed spaces and tabs                                no-mixed-spaces-and-tabs
  1885:14   warning  'math' is not defined                                no-undef
  1890:14   warning  'math' is not defined                                no-undef
  1890:34   warning  'math' is not defined                                no-undef
  1891:14   warning  'math' is not defined                                no-undef
  1891:31   warning  'math' is not defined                                no-undef
  1891:40   warning  'math' is not defined                                no-undef
  1891:67   warning  'math' is not defined                                no-undef
  1891:84   warning  'math' is not defined                                no-undef
  1891:104  warning  'math' is not defined                                no-undef
  1892:14   warning  'math' is not defined                                no-undef
  1892:31   warning  'math' is not defined                                no-undef
  1892:40   warning  'math' is not defined                                no-undef
  1892:66   warning  'math' is not defined                                no-undef
  1892:83   warning  'math' is not defined                                no-undef
  1892:102  warning  'math' is not defined                                no-undef
  1893:14   warning  'math' is not defined                                no-undef
  1893:31   warning  'math' is not defined                                no-undef
  1893:40   warning  'math' is not defined                                no-undef
  1893:67   warning  'math' is not defined                                no-undef
  1893:84   warning  'math' is not defined                                no-undef
  1893:104  warning  'math' is not defined                                no-undef
  1895:11   warning  'math' is not defined                                no-undef
  1895:29   warning  'math' is not defined                                no-undef
  1895:43   warning  'math' is not defined                                no-undef
  1895:66   warning  'math' is not defined                                no-undef
  1895:88   warning  'math' is not defined                                no-undef
  1896:11   warning  'math' is not defined                                no-undef
  1896:29   warning  'math' is not defined                                no-undef
  1896:49   warning  'math' is not defined                                no-undef
  1896:75   warning  'math' is not defined                                no-undef
  1897:11   warning  'math' is not defined                                no-undef
  1897:29   warning  'math' is not defined                                no-undef
  1897:48   warning  'math' is not defined                                no-undef
  1897:74   warning  'math' is not defined                                no-undef
  1898:11   warning  'math' is not defined                                no-undef
  1898:29   warning  'math' is not defined                                no-undef
  1898:49   warning  'math' is not defined                                no-undef
  1898:76   warning  'math' is not defined                                no-undef
  1902:24   warning  'math' is not defined                                no-undef
  1904:15   warning  'math' is not defined                                no-undef
  1904:26   warning  'math' is not defined                                no-undef
  1904:40   warning  'math' is not defined                                no-undef
  1904:55   warning  'math' is not defined                                no-undef
  1904:92   warning  'math' is not defined                                no-undef
  1904:103  warning  'math' is not defined                                no-undef
  1904:117  warning  'math' is not defined                                no-undef
  1904:126  warning  'math' is not defined                                no-undef
  1904:149  warning  'math' is not defined                                no-undef
  1908:14   warning  'math' is not defined                                no-undef
  1908:30   warning  'math' is not defined                                no-undef
  1908:39   warning  'math' is not defined                                no-undef
  1908:46   warning  'math' is not defined                                no-undef
  1909:14   warning  'math' is not defined                                no-undef
  1909:30   warning  'math' is not defined                                no-undef
  1909:39   warning  'math' is not defined                                no-undef
  1909:46   warning  'math' is not defined                                no-undef
  1910:14   warning  'math' is not defined                                no-undef
  1910:30   warning  'math' is not defined                                no-undef
  1910:39   warning  'math' is not defined                                no-undef
  1910:46   warning  'math' is not defined                                no-undef
  1912:13   warning  'math' is not defined                                no-undef
  1915:1    warning  Mixed spaces and tabs                                no-mixed-spaces-and-tabs
  1916:1    warning  Mixed spaces and tabs                                no-mixed-spaces-and-tabs
  1919:13   warning  'math' is not defined                                no-undef
  1920:12   warning  'math' is not defined                                no-undef
  1920:24   warning  'math' is not defined                                no-undef
  1929:16   warning  'math' is not defined                                no-undef
  1929:30   warning  'math' is not defined                                no-undef
  1933:6    warning  'vir2Pos' is already defined                         no-redeclare
  1933:16   warning  'math' is not defined                                no-undef
  1933:30   warning  'math' is not defined                                no-undef
  1939:11   warning  't' is already defined                               no-redeclare
  1939:15   warning  'math' is not defined                                no-undef
  1939:26   warning  'math' is not defined                                no-undef
  1939:40   warning  'math' is not defined                                no-undef
  1939:49   warning  'math' is not defined                                no-undef
  1939:72   warning  'math' is not defined                                no-undef
  1939:109  warning  'math' is not defined                                no-undef
  1939:120  warning  'math' is not defined                                no-undef
  1939:136  warning  'math' is not defined                                no-undef
  1939:166  warning  'math' is not defined                                no-undef
  1942:6    warning  'part1' is already defined                           no-redeclare
  1943:6    warning  'part2' is already defined                           no-redeclare
  1943:14   warning  'math' is not defined                                no-undef
  1943:30   warning  'math' is not defined                                no-undef
  1943:39   warning  'math' is not defined                                no-undef
  1943:46   warning  'math' is not defined                                no-undef
  1944:6    warning  'part3' is already defined                           no-redeclare
  1944:14   warning  'math' is not defined                                no-undef
  1944:30   warning  'math' is not defined                                no-undef
  1944:39   warning  'math' is not defined                                no-undef
  1944:46   warning  'math' is not defined                                no-undef
  1945:6    warning  'part4' is already defined                           no-redeclare
  1945:14   warning  'math' is not defined                                no-undef
  1945:30   warning  'math' is not defined                                no-undef
  1945:39   warning  'math' is not defined                                no-undef
  1945:46   warning  'math' is not defined                                no-undef
  1947:6    warning  'yop' is already defined                             no-redeclare
  1947:13   warning  'math' is not defined                                no-undef
  1950:1    warning  Mixed spaces and tabs                                no-mixed-spaces-and-tabs
  1951:1    warning  Mixed spaces and tabs                                no-mixed-spaces-and-tabs
  1953:6    warning  'set' is already defined                             no-redeclare
  1954:6    warning  'diff' is already defined                            no-redeclare
  1954:13   warning  'math' is not defined                                no-undef
  1955:12   warning  'math' is not defined                                no-undef
  1955:24   warning  'math' is not defined                                no-undef
  1967:18   warning  'CanvasJS' is not defined                            no-undef
  1970:2    warning  Mixed spaces and tabs                                no-mixed-spaces-and-tabs
  1971:2    warning  Mixed spaces and tabs                                no-mixed-spaces-and-tabs
  1973:2    warning  Mixed spaces and tabs                                no-mixed-spaces-and-tabs
  1974:1    warning  Mixed spaces and tabs                                no-mixed-spaces-and-tabs
  1976:1    warning  Mixed spaces and tabs                                no-mixed-spaces-and-tabs
  1978:1    warning  Mixed spaces and tabs                                no-mixed-spaces-and-tabs
  1979:1    warning  Mixed spaces and tabs                                no-mixed-spaces-and-tabs
  1984:1    warning  Mixed spaces and tabs                                no-mixed-spaces-and-tabs
  2226:5    warning  'pointer1Pos' is assigned a value but never used     no-unused-vars
  2227:5    warning  'pointer2Pos' is assigned a value but never used     no-unused-vars
  2228:18   warning  'math' is not defined                                no-undef
  2228:32   warning  'math' is not defined                                no-undef
  2236:11   warning  'planton' is defined but never used                  no-unused-vars
  2237:1    warning  Mixed spaces and tabs                                no-mixed-spaces-and-tabs
  2238:1    warning  Mixed spaces and tabs                                no-mixed-spaces-and-tabs
  2246:1    warning  Mixed spaces and tabs                                no-mixed-spaces-and-tabs
  2251:10   warning  'motoron' is defined but never used                  no-unused-vars
  2252:1    warning  Mixed spaces and tabs                                no-mixed-spaces-and-tabs
  2253:1    warning  Mixed spaces and tabs                                no-mixed-spaces-and-tabs
  2256:1    warning  Mixed spaces and tabs                                no-mixed-spaces-and-tabs
  2262:1    warning  Mixed spaces and tabs                                no-mixed-spaces-and-tabs
  2267:10   warning  'rron' is defined but never used                     no-unused-vars
  2268:1    warning  Mixed spaces and tabs                                no-mixed-spaces-and-tabs
  2269:1    warning  Mixed spaces and tabs                                no-mixed-spaces-and-tabs
  2278:1    warning  Mixed spaces and tabs                                no-mixed-spaces-and-tabs
  2284:11   warning  'rr2on' is defined but never used                    no-unused-vars
  2285:1    warning  Mixed spaces and tabs                                no-mixed-spaces-and-tabs
  2286:1    warning  Mixed spaces and tabs                                no-mixed-spaces-and-tabs
  2295:1    warning  Mixed spaces and tabs                                no-mixed-spaces-and-tabs
  2300:11   warning  'li1on' is defined but never used                    no-unused-vars
  2301:1    warning  Mixed spaces and tabs                                no-mixed-spaces-and-tabs
  2302:1    warning  Mixed spaces and tabs                                no-mixed-spaces-and-tabs
  2311:1    warning  Mixed spaces and tabs                                no-mixed-spaces-and-tabs
  2316:11   warning  'li2on' is defined but never used                    no-unused-vars
  2317:1    warning  Mixed spaces and tabs                                no-mixed-spaces-and-tabs
  2318:1    warning  Mixed spaces and tabs                                no-mixed-spaces-and-tabs
  2327:1    warning  Mixed spaces and tabs                                no-mixed-spaces-and-tabs
  2334:10   warning  'calc' is defined but never used                     no-unused-vars
  2339:39   warning  'math' is not defined                                no-undef
  2339:53   warning  'math' is not defined                                no-undef
  2339:65   warning  'math' is not defined                                no-undef
  2344:11   warning  'clr' is defined but never used                      no-unused-vars
  2345:1    warning  Mixed spaces and tabs                                no-mixed-spaces-and-tabs
  2350:2    warning  'dataOPPoints' is not defined                        no-undef
  2353:1    warning  Mixed spaces and tabs                                no-mixed-spaces-and-tabs
  2354:1    warning  Mixed spaces and tabs                                no-mixed-spaces-and-tabs

/home/runner/work/exp-process-simulator-iitkgp/exp-process-simulator-iitkgp/experiment/simulation/js/demo.js
     8:1   warning  'jsPlumb' is not defined                      no-undef
    13:9   warning  'addDisc' is assigned a value but never used  no-unused-vars
    15:17  warning  'e' is assigned a value but never used        no-unused-vars
    22:9   warning  'reset' is assigned a value but never used    no-unused-vars
    35:51  warning  'ui' is defined but never used                no-unused-vars
    37:21  warning  'jsPlumb' is not defined                      no-undef
    42:25  warning  'jsPlumb' is not defined                      no-undef
    50:21  warning  'id' is assigned a value but never used       no-unused-vars
   113:16  warning  'jsPlumb' is not defined                      no-undef
   140:13  warning  'e1' is assigned a value but never used       no-unused-vars
   141:13  warning  'e2' is assigned a value but never used       no-unused-vars
   142:4   warning  'e3' is assigned a value but never used       no-unused-vars
   143:13  warning  'e4' is assigned a value but never used       no-unused-vars
   144:4   warning  'e5' is assigned a value but never used       no-unused-vars
   145:4   warning  'e6' is assigned a value but never used       no-unused-vars
   146:4   warning  'e7' is assigned a value but never used       no-unused-vars
   147:13  warning  'e8' is assigned a value but never used       no-unused-vars
   148:4   warning  'e9' is assigned a value but never used       no-unused-vars
   149:13  warning  'e10' is assigned a value but never used      no-unused-vars
   150:4   warning  'e11' is assigned a value but never used      no-unused-vars
   151:4   warning  'e12' is assigned a value but never used      no-unused-vars
   152:4   warning  'e13' is assigned a value but never used      no-unused-vars
   153:13  warning  'e14' is assigned a value but never used      no-unused-vars
   154:4   warning  'e15' is assigned a value but never used      no-unused-vars
   155:13  warning  'e16' is assigned a value but never used      no-unused-vars
   156:4   warning  'e17' is assigned a value but never used      no-unused-vars
   157:4   warning  'e18' is assigned a value but never used      no-unused-vars
   158:4   warning  'e19' is assigned a value but never used      no-unused-vars
   159:13  warning  'e20' is assigned a value but never used      no-unused-vars
   160:4   warning  'e21' is assigned a value but never used      no-unused-vars
   161:13  warning  'e22' is assigned a value but never used      no-unused-vars
   162:4   warning  'e23' is assigned a value but never used      no-unused-vars
   163:4   warning  'e24' is assigned a value but never used      no-unused-vars
   164:4   warning  'e25' is assigned a value but never used      no-unused-vars
   165:13  warning  'e26' is assigned a value but never used      no-unused-vars
   166:4   warning  'e27' is assigned a value but never used      no-unused-vars
   167:13  warning  'e28' is assigned a value but never used      no-unused-vars
   168:4   warning  'e29' is assigned a value but never used      no-unused-vars
   169:4   warning  'e30' is assigned a value but never used      no-unused-vars
   170:4   warning  'e31' is assigned a value but never used      no-unused-vars
   171:13  warning  'e32' is assigned a value but never used      no-unused-vars
   172:11  warning  Mixed spaces and tabs                         no-mixed-spaces-and-tabs
   172:13  warning  'e33' is assigned a value but never used      no-unused-vars
   173:13  warning  'e34' is assigned a value but never used      no-unused-vars
   174:4   warning  'e35' is assigned a value but never used      no-unused-vars
   175:4   warning  'e36' is assigned a value but never used      no-unused-vars
   176:4   warning  'e37' is assigned a value but never used      no-unused-vars
   177:4   warning  'e38' is assigned a value but never used      no-unused-vars
   178:4   warning  'e39' is assigned a value but never used      no-unused-vars
   179:4   warning  'e40' is assigned a value but never used      no-unused-vars
   180:4   warning  'e41' is assigned a value but never used      no-unused-vars
   181:4   warning  'e42' is not defined                          no-undef
   182:4   warning  'e43' is not defined                          no-undef
   183:4   warning  'e44' is not defined                          no-undef
   184:4   warning  'e45' is not defined                          no-undef
   185:4   warning  'e46' is not defined                          no-undef
   195:2   warning  Mixed spaces and tabs                         no-mixed-spaces-and-tabs
   203:3   warning  Mixed spaces and tabs                         no-mixed-spaces-and-tabs
   204:3   warning  Mixed spaces and tabs                         no-mixed-spaces-and-tabs
   205:46  warning  'originalEvent' is defined but never used     no-unused-vars
   206:2   warning  Mixed spaces and tabs                         no-mixed-spaces-and-tabs
   207:2   warning  Mixed spaces and tabs                         no-mixed-spaces-and-tabs
   208:2   warning  Mixed spaces and tabs                         no-mixed-spaces-and-tabs
   209:3   warning  Mixed spaces and tabs                         no-mixed-spaces-and-tabs
   210:4   warning  Mixed spaces and tabs                         no-mixed-spaces-and-tabs
   211:3   warning  Mixed spaces and tabs                         no-mixed-spaces-and-tabs
   212:3   warning  Mixed spaces and tabs                         no-mixed-spaces-and-tabs
   213:2   warning  Mixed spaces and tabs                         no-mixed-spaces-and-tabs
   214:2   warning  Mixed spaces and tabs                         no-mixed-spaces-and-tabs
   215:2   warning  Mixed spaces and tabs                         no-mixed-spaces-and-tabs
   216:2   warning  Mixed spaces and tabs                         no-mixed-spaces-and-tabs
   219:3   warning  Mixed spaces and tabs                         no-mixed-spaces-and-tabs
   456:2   warning  Mixed spaces and tabs                         no-mixed-spaces-and-tabs
   642:3   warning  Mixed spaces and tabs                         no-mixed-spaces-and-tabs
   671:13  warning  'count' is assigned a value but never used    no-unused-vars
   964:5   warning  Mixed spaces and tabs                         no-mixed-spaces-and-tabs
   982:5   warning  Mixed spaces and tabs                         no-mixed-spaces-and-tabs
  1000:5   warning  Mixed spaces and tabs                         no-mixed-spaces-and-tabs
  1018:5   warning  Mixed spaces and tabs                         no-mixed-spaces-and-tabs
  1028:3   warning  Mixed spaces and tabs                         no-mixed-spaces-and-tabs
  1035:2   warning  Mixed spaces and tabs                         no-mixed-spaces-and-tabs
  1037:2   warning  Mixed spaces and tabs                         no-mixed-spaces-and-tabs
  1038:3   warning  Mixed spaces and tabs                         no-mixed-spaces-and-tabs
  1039:3   warning  Mixed spaces and tabs                         no-mixed-spaces-and-tabs
  1041:3   warning  Mixed spaces and tabs                         no-mixed-spaces-and-tabs
  1047:2   warning  Mixed spaces and tabs                         no-mixed-spaces-and-tabs
  1048:3   warning  Mixed spaces and tabs                         no-mixed-spaces-and-tabs
  1049:3   warning  Mixed spaces and tabs                         no-mixed-spaces-and-tabs
  1059:3   warning  Mixed spaces and tabs                         no-mixed-spaces-and-tabs
  1067:2   warning  Mixed spaces and tabs                         no-mixed-spaces-and-tabs
  1069:2   warning  Mixed spaces and tabs                         no-mixed-spaces-and-tabs
  1070:3   warning  Mixed spaces and tabs                         no-mixed-spaces-and-tabs
  1071:3   warning  Mixed spaces and tabs                         no-mixed-spaces-and-tabs
  1073:3   warning  Mixed spaces and tabs                         no-mixed-spaces-and-tabs
  1079:2   warning  Mixed spaces and tabs                         no-mixed-spaces-and-tabs
  1080:3   warning  Mixed spaces and tabs                         no-mixed-spaces-and-tabs
  1081:3   warning  Mixed spaces and tabs                         no-mixed-spaces-and-tabs
  1083:3   warning  Mixed spaces and tabs                         no-mixed-spaces-and-tabs

/home/runner/work/exp-process-simulator-iitkgp/exp-process-simulator-iitkgp/experiment/simulation/js/jsPlumb.js
     68:9   warning  'root' is assigned a value but never used                                  no-unused-vars
    130:18  warning  'i' is already defined                                                     no-redeclare
    184:18  warning  'i' is already defined                                                     no-redeclare
    242:22  warning  'j' is already defined                                                     no-redeclare
    264:56  warning  't' is defined but never used                                              no-unused-vars
    279:26  warning  'j' is already defined                                                     no-redeclare
    582:9   warning  'exports' is not defined                                                   no-undef
    616:1   warning  Unnecessary semicolon                                                      no-extra-semi
    626:9   warning  'exports' is not defined                                                   no-undef
    661:9   warning  '_normal' is assigned a value but never used                               no-unused-vars
    672:9   warning  '_lineLength' is assigned a value but never used                           no-unused-vars
    706:9   warning  '_theta' is assigned a value but never used                                no-unused-vars
    725:9   warning  '_intersects' is assigned a value but never used                           no-unused-vars
    747:9   warning  '_encloses' is assigned a value but never used                             no-unused-vars
    764:9   warning  '_pointOnLine' is assigned a value but never used                          no-unused-vars
    781:9   warning  '_perpendicularLineTo' is assigned a value but never used                  no-unused-vars
    789:1   warning  Unnecessary semicolon                                                      no-extra-semi
    846:28  warning  'view' is defined but never used                                           no-unused-vars
    846:34  warning  'target' is defined but never used                                         no-unused-vars
    846:42  warning  'pageX' is defined but never used                                          no-unused-vars
    846:49  warning  'pageY' is defined but never used                                          no-unused-vars
    846:56  warning  'screenX' is defined but never used                                        no-unused-vars
    846:65  warning  'screenY' is defined but never used                                        no-unused-vars
    846:74  warning  'clientX' is defined but never used                                        no-unused-vars
    846:83  warning  'clientY' is defined but never used                                        no-unused-vars
   1040:58  warning  Do not access Object.prototype method 'hasOwnProperty' from target object  no-prototype-builtins
   1082:39  warning  Do not access Object.prototype method 'hasOwnProperty' from target object  no-prototype-builtins
   1132:9   warning  'touchstart' is assigned a value but never used                            no-unused-vars
   1132:36  warning  'touchend' is assigned a value but never used                              no-unused-vars
   1132:59  warning  'touchmove' is assigned a value but never used                             no-unused-vars
   1137:54  warning  Unnecessary escape character: \.                                           no-useless-escape
   1223:73  warning  Invalid typeof comparison value                                            valid-typeof
   1286:38  warning  Do not access Object.prototype method 'hasOwnProperty' from target object  no-prototype-builtins
   1288:51  warning  Do not access Object.prototype method 'hasOwnProperty' from target object  no-prototype-builtins
   1310:29  warning  'el' is defined but never used                                             no-unused-vars
   1310:33  warning  'event' is defined but never used                                          no-unused-vars
   1310:40  warning  'children' is defined but never used                                       no-unused-vars
   1310:50  warning  'fn' is defined but never used                                             no-unused-vars
   1457:9   warning  'exports' is not defined                                                   no-undef
   1490:1   warning  Unnecessary semicolon                                                      no-extra-semi
   1604:54  warning  Unnecessary escape character: \.                                           no-useless-escape
   1728:42  warning  'scope' is defined but never used                                          no-unused-vars
   1736:13  warning  'scroll' is assigned a value but never used                                no-unused-vars
   1886:13  warning  '_addFilter' is assigned a value but never used                            no-unused-vars
   1887:13  warning  '_removeFilter' is assigned a value but never used                         no-unused-vars
   2102:31  warning  Empty block statement                                                      no-empty
   2291:42  warning  'scope' is defined but never used                                          no-unused-vars
   2311:56  warning  'drag' is defined but never used                                           no-unused-vars
   2399:13  warning  '_getMatchingDroppables' is assigned a value but never used                no-unused-vars
   2443:18  warning  'i' is already defined                                                     no-redeclare
   2765:40  warning  'spec' is defined but never used                                           no-unused-vars
   2788:38  warning  'spec' is defined but never used                                           no-unused-vars
   2873:9   warning  'exports' is not defined                                                   no-undef
   2885:42  warning  'exports' is not defined                                                   no-undef
   2934:19  warning  Do not access Object.prototype method 'hasOwnProperty' from target object  no-prototype-builtins
   3030:26  warning  Unnecessary escape character: \.                                           no-useless-escape
   3031:40  warning  Unnecessary escape character: \[                                           no-useless-escape
   3241:36  warning  '_protoFn' is defined but never used                                       no-unused-vars
   3249:45  warning  Do not access Object.prototype method 'hasOwnProperty' from target object  no-prototype-builtins
   3249:83  warning  Do not access Object.prototype method 'hasOwnProperty' from target object  no-prototype-builtins
   3262:41  warning  Do not access Object.prototype method 'hasOwnProperty' from target object  no-prototype-builtins
   3262:79  warning  Do not access Object.prototype method 'hasOwnProperty' from target object  no-prototype-builtins
   3325:42  warning  Empty block statement                                                      no-empty
   3407:23  warning  Empty block statement                                                      no-empty
   3576:2   warning  Unnecessary semicolon                                                      no-extra-semi
   3631:1   warning  Unnecessary semicolon                                                      no-extra-semi
   3634:44  warning  'ep' is defined but never used                                             no-unused-vars
   3634:48  warning  'conn' is defined but never used                                           no-unused-vars
   3762:38  warning  'e' is defined but never used                                              no-unused-vars
   3866:1   warning  Unnecessary semicolon                                                      no-extra-semi
   3898:9   warning  'eventFilters' is assigned a value but never used                          no-unused-vars
   3917:9   warning  '_each' is assigned a value but never used                                 no-unused-vars
   4912:13  warning  '_setDraggable' is assigned a value but never used                         no-unused-vars
   5136:56  warning  'args' is defined but never used                                           no-unused-vars
   5184:60  warning  'cEl' is assigned a value but never used                                   no-unused-vars
   5811:13  warning  '_unmanage' is assigned a value but never used                             no-unused-vars
   5907:68  warning  'jsPlumbInstance' is assigned a value but never used                       no-unused-vars
   6477:39  warning  'scope' is defined but never used                                          no-unused-vars
   7164:9   warning  'exports' is not defined                                                   no-undef
   7179:1   warning  Unnecessary semicolon                                                      no-extra-semi
   7297:36  warning  'ignoreAttachedElements' is defined but never used                         no-unused-vars
   7489:1   warning  Unnecessary semicolon                                                      no-extra-semi
   7734:41  warning  'doNotRepaint' is defined but never used                                   no-unused-vars
   7739:50  warning  'doNotRepaint' is defined but never used                                   no-unused-vars
   7804:53  warning  'fireEvent' is defined but never used                                      no-unused-vars
   7804:64  warning  'originalEvent' is defined but never used                                  no-unused-vars
   7918:52  warning  Do not access Object.prototype method 'hasOwnProperty' from target object  no-prototype-builtins
   7964:39  warning  'startParams' is defined but never used                                    no-unused-vars
   8541:17  warning  'elId' is assigned a value but never used                                  no-unused-vars
   8778:1   warning  Unnecessary semicolon                                                      no-extra-semi
   9297:52  warning  Do not access Object.prototype method 'hasOwnProperty' from target object  no-prototype-builtins
   9322:52  warning  Do not access Object.prototype method 'hasOwnProperty' from target object  no-prototype-builtins
   9334:21  warning  'jsPlumb' is not defined                                                   no-undef
   9434:1   warning  Unnecessary semicolon                                                      no-extra-semi
  10142:27  warning  'Biltong' is not defined                                                   no-undef
  10494:23  warning  'jsPlumbUtil' is not defined                                               no-undef
  10727:1   warning  Unnecessary semicolon                                                      no-extra-semi
  10757:53  warning  'x' is defined but never used                                              no-unused-vars
  10757:56  warning  'y' is defined but never used                                              no-unused-vars
  10784:46  warning  'x1' is defined but never used                                             no-unused-vars
  10784:50  warning  'y1' is defined but never used                                             no-unused-vars
  10784:54  warning  'x2' is defined but never used                                             no-unused-vars
  10784:58  warning  'y2' is defined but never used                                             no-unused-vars
  10817:17  warning  '_super' is assigned a value but never used                                no-unused-vars
  10875:46  warning  '_' is defined but never used                                              no-unused-vars
  11077:17  warning  '_super' is assigned a value but never used                                no-unused-vars
  11309:17  warning  '_super' is assigned a value but never used                                no-unused-vars
  11636:13  warning  'dumpSegmentsToConsole' is assigned a value but never used                 no-unused-vars
  11692:48  warning  'anchorPoint' is defined but never used                                    no-unused-vars
  11692:61  warning  'orientation' is defined but never used                                    no-unused-vars
  11692:74  warning  'endpointStyle' is defined but never used                                  no-unused-vars
  11692:89  warning  'connectorPaintStyle' is defined but never used                            no-unused-vars
  11725:13  warning  '_super' is assigned a value but never used                                no-unused-vars
  11731:76  warning  'connectorPaintStyle' is defined but never used                            no-unused-vars
  11752:13  warning  '_super' is assigned a value but never used                                no-unused-vars
  11757:76  warning  'connectorPaintStyle' is defined but never used                            no-unused-vars
  11768:40  warning  'params' is defined but never used                                         no-unused-vars
  11846:48  warning  'orientation' is defined but never used                                    no-unused-vars
  11846:61  warning  'endpointStyle' is defined but never used                                  no-unused-vars
  11846:76  warning  'connectorPaintStyle' is defined but never used                            no-unused-vars
  11872:40  warning  'd' is defined but never used                                              no-unused-vars
  11872:43  warning  'style' is defined but never used                                          no-unused-vars
  11872:50  warning  'anchor' is defined but never used                                         no-unused-vars
  11915:13  warning  '_super' is assigned a value but never used                                no-unused-vars
  11918:48  warning  'orientation' is defined but never used                                    no-unused-vars
  11918:61  warning  'endpointStyle' is defined but never used                                  no-unused-vars
  11918:76  warning  'connectorPaintStyle' is defined but never used                            no-unused-vars
  11934:32  warning  'style' is defined but never used                                          no-unused-vars
  11934:39  warning  'anchor' is defined but never used                                         no-unused-vars
  11967:76  warning  'connectorPaintStyle' is defined but never used                            no-unused-vars
  11996:27  warning  'instance' is defined but never used                                       no-unused-vars
  11996:37  warning  'component' is defined but never used                                      no-unused-vars
  12065:43  warning  'component' is defined but never used                                      no-unused-vars
  12229:17  warning  'jsPlumb' is not defined                                                   no-undef
  12336:37  warning  'component' is defined but never used                                      no-unused-vars
  12346:29  warning  'containerExtents' is defined but never used                               no-unused-vars
  12374:37  warning  'params' is defined but never used                                         no-unused-vars
  12387:42  warning  'currentConnectionPaintStyle' is defined but never used                    no-unused-vars
  12431:13  warning  'labelWidth' is assigned a value but never used                            no-unused-vars
  12431:32  warning  'labelHeight' is assigned a value but never used                           no-unused-vars
  12431:52  warning  'labelText' is assigned a value but never used                             no-unused-vars
  12431:70  warning  'labelPadding' is assigned a value but never used                          no-unused-vars
  12521:1   warning  Unnecessary semicolon                                                      no-extra-semi
  12924:35  warning  'conn' is defined but never used                                           no-unused-vars
  12924:41  warning  'endpointIndex' is defined but never used                                  no-unused-vars
  12928:37  warning  'conn' is defined but never used                                           no-unused-vars
  12928:43  warning  'endpointIndex' is defined but never used                                  no-unused-vars
  12941:56  warning  'jsPlumb' is not defined                                                   no-undef
  12977:38  warning  '_el' is defined but never used                                            no-unused-vars
  12977:43  warning  'targetGroup' is defined but never used                                    no-unused-vars
  13029:29  warning  'jsPlumbUtil' is not defined                                               no-undef
  13385:1   warning  Unnecessary semicolon                                                      no-extra-semi
  13401:41  warning  'lastOrientation' is assigned a value but never used                       no-unused-vars
  13405:13  warning  'loopbackRadius' is assigned a value but never used                        no-unused-vars
  13406:13  warning  'isLoopbackCurrently' is assigned a value but never used                   no-unused-vars
  13750:1   warning  Unnecessary semicolon                                                      no-extra-semi
  13759:13  warning  'curviness' is assigned a value but never used                             no-unused-vars
  13761:13  warning  'proximityLimit' is assigned a value but never used                        no-unused-vars
  13764:13  warning  'isLoopbackCurrently' is assigned a value but never used                   no-unused-vars
  13903:1   warning  Unnecessary semicolon                                                      no-extra-semi
  13998:13  warning  'clockwise' is assigned a value but never used                             no-unused-vars
  14098:1   warning  Unnecessary semicolon                                                      no-extra-semi
  14105:30  warning  'params' is defined but never used                                         no-unused-vars
  14109:46  warning  '_' is defined but never used                                              no-unused-vars
  14130:1   warning  Unnecessary semicolon                                                      no-extra-semi
  14535:35  warning  'style' is defined but never used                                          no-unused-vars
  14558:35  warning  'style' is defined but never used                                          no-unused-vars
  14594:13  warning  'self' is assigned a value but never used                                  no-unused-vars
  14755:1   warning  Unnecessary semicolon                                                      no-extra-semi
  14950:39  warning  'jsPlumb' is not defined                                                   no-undef
  14979:29  warning  'jsPlumb' is not defined                                                   no-undef
  14986:38  warning  Do not access Object.prototype method 'hasOwnProperty' from target object  no-prototype-builtins
  14987:39  warning  'jsPlumb' is not defined                                                   no-undef
  15054:40  warning  Do not access Object.prototype method 'hasOwnProperty' from target object  no-prototype-builtins
  15145:22  warning  'jsPlumb' is not defined                                                   no-undef
  15150:24  warning  'jsPlumb' is not defined                                                   no-undef
  15276:26  warning  Do not access Object.prototype method 'hasOwnProperty' from target object  no-prototype-builtins
  15289:13  warning  'jsPlumb' is not defined                                                   no-undef
  15294:18  warning  'jsPlumb' is not defined                                                   no-undef
  15303:13  warning  'jsPlumb' is not defined                                                   no-undef
  15308:17  warning  'jsPlumb' is not defined                                                   no-undef
  15309:17  warning  'jsPlumb' is not defined                                                   no-undef
  15311:17  warning  'jsPlumb' is not defined                                                   no-undef
  15315:13  warning  'jsPlumb' is not defined                                                   no-undef
  15321:17  warning  'jsPlumb' is not defined                                                   no-undef
  15359:18  warning  'jsPlumb' is not defined                                                   no-undef
  15407:22  warning  'jsPlumb' is not defined                                                   no-undef
  15512:20  warning  'jsPlumb' is not defined                                                   no-undef
  15526:13  warning  'jsPlumb' is not defined                                                   no-undef
  15538:18  warning  'jsPlumb' is not defined                                                   no-undef
  15541:25  warning  'jsPlumb' is not defined                                                   no-undef
  15543:35  warning  'jsPlumb' is not defined                                                   no-undef
  15544:30  warning  'jsPlumb' is not defined                                                   no-undef
  15545:45  warning  'jsPlumb' is not defined                                                   no-undef
  15546:45  warning  'jsPlumb' is not defined                                                   no-undef
  15547:46  warning  'jsPlumb' is not defined                                                   no-undef
  15663:36  warning  'el' is defined but never used                                             no-unused-vars
  15663:40  warning  'options' is defined but never used                                        no-unused-vars
  15666:36  warning  'el' is defined but never used                                             no-unused-vars
  15666:40  warning  'options' is defined but never used                                        no-unused-vars
  15682:45  warning  'zoom' is defined but never used                                           no-unused-vars
  15722:33  warning  'spec' is defined but never used                                           no-unused-vars
  15731:31  warning  'spec' is defined but never used                                           no-unused-vars
  15740:38  warning  'posseId' is defined but never used                                        no-unused-vars
  15799:23  warning  'el' is defined but never used                                             no-unused-vars
  15799:27  warning  'event' is defined but never used                                          no-unused-vars
  15799:34  warning  'callback' is defined but never used                                       no-unused-vars
  15808:24  warning  'el' is defined but never used                                             no-unused-vars
  15808:28  warning  'event' is defined but never used                                          no-unused-vars
  15808:35  warning  'callback' is defined but never used                                       no-unused-vars

/home/runner/work/exp-process-simulator-iitkgp/exp-process-simulator-iitkgp/experiment/simulation/js/process_simu.js
    13:5   warning  'vmaxs' is defined but never used                    no-unused-vars
    15:5   warning  'voltperdiv' is defined but never used               no-unused-vars
    15:16  warning  'timeperdiv' is defined but never used               no-unused-vars
    19:5   warning  'posy2' is defined but never used                    no-unused-vars
    27:1   warning  '$' is not defined                                   no-undef
    29:5   warning  '$' is not defined                                   no-undef
    41:29  warning  'v' is defined but never used                        no-unused-vars
    50:22  warning  Empty block statement                                no-empty
    53:15  warning  Empty block statement                                no-empty
    54:3   warning  Mixed spaces and tabs                                no-mixed-spaces-and-tabs
    60:5   warning  '$' is not defined                                   no-undef
    72:29  warning  'v' is defined but never used                        no-unused-vars
    82:22  warning  Empty block statement                                no-empty
    85:15  warning  Empty block statement                                no-empty
    86:3   warning  Mixed spaces and tabs                                no-mixed-spaces-and-tabs
    94:5   warning  '$' is not defined                                   no-undef
   106:29  warning  'v' is defined but never used                        no-unused-vars
   112:22  warning  Empty block statement                                no-empty
   115:15  warning  Empty block statement                                no-empty
   116:3   warning  Mixed spaces and tabs                                no-mixed-spaces-and-tabs
   121:5   warning  '$' is not defined                                   no-undef
   133:29  warning  'v' is defined but never used                        no-unused-vars
   140:22  warning  Empty block statement                                no-empty
   143:15  warning  Empty block statement                                no-empty
   144:3   warning  Mixed spaces and tabs                                no-mixed-spaces-and-tabs
   150:1   warning  Mixed spaces and tabs                                no-mixed-spaces-and-tabs
   150:3   warning  '$' is not defined                                   no-undef
   162:29  warning  'v' is defined but never used                        no-unused-vars
   172:22  warning  Empty block statement                                no-empty
   175:15  warning  Empty block statement                                no-empty
   176:3   warning  Mixed spaces and tabs                                no-mixed-spaces-and-tabs
   181:2   warning  '$' is not defined                                   no-undef
   196:2   warning  '$' is not defined                                   no-undef
   216:10  warning  'mainswt' is defined but never used                  no-unused-vars
   232:8   warning  Mixed spaces and tabs                                no-mixed-spaces-and-tabs
   240:8   warning  Mixed spaces and tabs                                no-mixed-spaces-and-tabs
   271:4   warning  'voltperdiv1' is not defined                         no-undef
   272:4   warning  'vmaxs1' is not defined                              no-undef
   272:24  warning  'voltperdiv1' is not defined                         no-undef
   273:3   warning  'voltperdiv2' is not defined                         no-undef
   274:3   warning  'vmaxs2' is not defined                              no-undef
   274:23  warning  'voltperdiv2' is not defined                         no-undef
   283:48  warning  'vmaxs1' is not defined                              no-undef
   286:47  warning  'vmaxs2' is not defined                              no-undef
   289:47  warning  'vmaxs1' is not defined                              no-undef
   290:47  warning  'vmaxs2' is not defined                              no-undef
   321:5   warning  'axismargin' is assigned a value but never used      no-unused-vars
   328:9   warning  'numofvrtcltick' is assigned a value but never used  no-unused-vars
   333:9   warning  'axislinewidth' is assigned a value but never used   no-unused-vars
   334:9   warning  'axiscolor' is assigned a value but never used       no-unused-vars
   406:10  warning  'posiy1chnge' is defined but never used              no-unused-vars
   412:9   warning  'drawsquare' is not defined                          no-undef
   416:10  warning  'posix2chnge' is defined but never used              no-unused-vars
   422:12  warning  'drawsquare' is not defined                          no-undef
   427:10  warning  'ampfng' is defined but never used                   no-unused-vars
   433:11  warning  'drawsquare' is not defined                          no-undef
   436:9   warning  'bthdrc' is not defined                              no-undef
   439:8   warning  'grndrc' is not defined                              no-undef
   444:10  warning  'freqfng' is defined but never used                  no-unused-vars
   450:11  warning  'drawsquare' is not defined                          no-undef
   454:9   warning  'bthdrc' is not defined                              no-undef
   457:8   warning  'grndrc' is not defined                              no-undef
   472:2   warning  Mixed spaces and tabs                                no-mixed-spaces-and-tabs
   473:2   warning  Mixed spaces and tabs                                no-mixed-spaces-and-tabs
   474:2   warning  Mixed spaces and tabs                                no-mixed-spaces-and-tabs
   475:2   warning  Mixed spaces and tabs                                no-mixed-spaces-and-tabs
   512:9   warning  'i' is already defined                               no-redeclare
   551:2   warning  Mixed spaces and tabs                                no-mixed-spaces-and-tabs
   551:4   warning  Unnecessary semicolon                                no-extra-semi
   552:2   warning  Mixed spaces and tabs                                no-mixed-spaces-and-tabs
   553:2   warning  Mixed spaces and tabs                                no-mixed-spaces-and-tabs
   554:2   warning  Mixed spaces and tabs                                no-mixed-spaces-and-tabs
   643:10  warning  'channel2' is defined but never used                 no-unused-vars
   650:2   warning  Mixed spaces and tabs                                no-mixed-spaces-and-tabs
   650:4   warning  Unnecessary semicolon                                no-extra-semi
   651:2   warning  Mixed spaces and tabs                                no-mixed-spaces-and-tabs
   652:2   warning  Mixed spaces and tabs                                no-mixed-spaces-and-tabs
   653:2   warning  Mixed spaces and tabs                                no-mixed-spaces-and-tabs
   801:27  warning  'count' is assigned a value but never used           no-unused-vars
   828:10  warning  'math' is not defined                                no-undef
   828:37  warning  'math' is not defined                                no-undef
   828:60  warning  'math' is not defined                                no-undef
   829:10  warning  'math' is not defined                                no-undef
   830:10  warning  'math' is not defined                                no-undef
   831:10  warning  'math' is not defined                                no-undef
   831:19  warning  'math' is not defined                                no-undef
   832:22  warning  'math' is not defined                                no-undef
   836:10  warning  'math' is not defined                                no-undef
   837:10  warning  'math' is not defined                                no-undef
   838:10  warning  'math' is not defined                                no-undef
   839:10  warning  'math' is not defined                                no-undef
   839:19  warning  'math' is not defined                                no-undef
   840:21  warning  'math' is not defined                                no-undef
   841:17  warning  'math' is not defined                                no-undef
   843:10  warning  'math' is not defined                                no-undef
   846:12  warning  'math' is not defined                                no-undef
   850:1   warning  Mixed spaces and tabs                                no-mixed-spaces-and-tabs
   851:1   warning  Mixed spaces and tabs                                no-mixed-spaces-and-tabs
   852:1   warning  Mixed spaces and tabs                                no-mixed-spaces-and-tabs
   853:1   warning  Mixed spaces and tabs                                no-mixed-spaces-and-tabs
   858:11  warning  't' is already defined                               no-redeclare
   860:6   warning  'a' is already defined                               no-redeclare
   860:10  warning  'math' is not defined                                no-undef
   860:37  warning  'math' is not defined                                no-undef
   860:60  warning  'math' is not defined                                no-undef
   861:6   warning  'b' is already defined                               no-redeclare
   861:10  warning  'math' is not defined                                no-undef
   862:6   warning  'c' is already defined                               no-redeclare
   862:10  warning  'math' is not defined                                no-undef
   863:6   warning  'd' is already defined                               no-redeclare
   863:10  warning  'math' is not defined                                no-undef
   863:19  warning  'math' is not defined                                no-undef
   864:6   warning  'scndcompprt1' is already defined                    no-redeclare
   864:22  warning  'math' is not defined                                no-undef
   866:6   warning  'frstcomp' is already defined                        no-redeclare
   868:6   warning  'e' is already defined                               no-redeclare
   868:10  warning  'math' is not defined                                no-undef
   869:6   warning  'f' is already defined                               no-redeclare
   869:10  warning  'math' is not defined                                no-undef
   870:6   warning  'g' is already defined                               no-redeclare
   870:10  warning  'math' is not defined                                no-undef
   871:6   warning  'h' is already defined                               no-redeclare
   871:10  warning  'math' is not defined                                no-undef
   871:19  warning  'math' is not defined                                no-undef
   872:6   warning  'scndcompprt2' is already defined                    no-redeclare
   872:21  warning  'math' is not defined                                no-undef
   873:6   warning  'scndcomp' is already defined                        no-redeclare
   873:17  warning  'math' is not defined                                no-undef
   875:6   warning  'j' is already defined                               no-redeclare
   875:10  warning  'math' is not defined                                no-undef
   878:6   warning  'yop' is already defined                             no-redeclare
   878:12  warning  'math' is not defined                                no-undef
   881:1   warning  Mixed spaces and tabs                                no-mixed-spaces-and-tabs
   882:1   warning  Mixed spaces and tabs                                no-mixed-spaces-and-tabs
   887:14  warning  'math' is not defined                                no-undef
   893:18  warning  'CanvasJS' is not defined                            no-undef
   896:2   warning  Mixed spaces and tabs                                no-mixed-spaces-and-tabs
   897:2   warning  Mixed spaces and tabs                                no-mixed-spaces-and-tabs
   899:2   warning  Mixed spaces and tabs                                no-mixed-spaces-and-tabs
   900:1   warning  Mixed spaces and tabs                                no-mixed-spaces-and-tabs
   902:1   warning  Mixed spaces and tabs                                no-mixed-spaces-and-tabs
   904:1   warning  Mixed spaces and tabs                                no-mixed-spaces-and-tabs
   905:1   warning  Mixed spaces and tabs                                no-mixed-spaces-and-tabs
   911:1   warning  Mixed spaces and tabs                                no-mixed-spaces-and-tabs
   976:27  warning  'count' is assigned a value but never used           no-unused-vars
   991:10  warning  'math' is not defined                                no-undef
   992:10  warning  'math' is not defined                                no-undef
   993:10  warning  'math' is not defined                                no-undef
   994:10  warning  'math' is not defined                                no-undef
   994:19  warning  'math' is not defined                                no-undef
   995:22  warning  'math' is not defined                                no-undef
   999:10  warning  'math' is not defined                                no-undef
  1000:10  warning  'math' is not defined                                no-undef
  1001:10  warning  'math' is not defined                                no-undef
  1002:10  warning  'math' is not defined                                no-undef
  1002:19  warning  'math' is not defined                                no-undef
  1003:21  warning  'math' is not defined                                no-undef
  1004:17  warning  'math' is not defined                                no-undef
  1006:10  warning  'math' is not defined                                no-undef
  1009:12  warning  'math' is not defined                                no-undef
  1013:1   warning  Mixed spaces and tabs                                no-mixed-spaces-and-tabs
  1014:1   warning  Mixed spaces and tabs                                no-mixed-spaces-and-tabs
  1015:1   warning  Mixed spaces and tabs                                no-mixed-spaces-and-tabs
  1017:2   warning  Mixed spaces and tabs                                no-mixed-spaces-and-tabs
  1022:11  warning  't' is already defined                               no-redeclare
  1024:6   warning  'a' is already defined                               no-redeclare
  1024:10  warning  'math' is not defined                                no-undef
  1025:6   warning  'b' is already defined                               no-redeclare
  1025:10  warning  'math' is not defined                                no-undef
  1026:6   warning  'c' is already defined                               no-redeclare
  1026:10  warning  'math' is not defined                                no-undef
  1027:6   warning  'd' is already defined                               no-redeclare
  1027:10  warning  'math' is not defined                                no-undef
  1027:19  warning  'math' is not defined                                no-undef
  1028:6   warning  'scndcompprt1' is already defined                    no-redeclare
  1028:22  warning  'math' is not defined                                no-undef
  1030:6   warning  'frstcomp' is already defined                        no-redeclare
  1032:6   warning  'e' is already defined                               no-redeclare
  1032:10  warning  'math' is not defined                                no-undef
  1033:6   warning  'f' is already defined                               no-redeclare
  1033:10  warning  'math' is not defined                                no-undef
  1034:6   warning  'g' is already defined                               no-redeclare
  1034:10  warning  'math' is not defined                                no-undef
  1035:6   warning  'h' is already defined                               no-redeclare
  1035:10  warning  'math' is not defined                                no-undef
  1035:19  warning  'math' is not defined                                no-undef
  1036:6   warning  'scndcompprt2' is already defined                    no-redeclare
  1036:21  warning  'math' is not defined                                no-undef
  1037:6   warning  'scndcomp' is already defined                        no-redeclare
  1037:17  warning  'math' is not defined                                no-undef
  1039:6   warning  'j' is already defined                               no-redeclare
  1039:10  warning  'math' is not defined                                no-undef
  1042:6   warning  'yop' is already defined                             no-redeclare
  1042:12  warning  'math' is not defined                                no-undef
  1045:1   warning  Mixed spaces and tabs                                no-mixed-spaces-and-tabs
  1051:14  warning  'math' is not defined                                no-undef
  1053:1   warning  Mixed spaces and tabs                                no-mixed-spaces-and-tabs
  1057:18  warning  'CanvasJS' is not defined                            no-undef
  1060:2   warning  Mixed spaces and tabs                                no-mixed-spaces-and-tabs
  1061:2   warning  Mixed spaces and tabs                                no-mixed-spaces-and-tabs
  1063:2   warning  Mixed spaces and tabs                                no-mixed-spaces-and-tabs
  1064:1   warning  Mixed spaces and tabs                                no-mixed-spaces-and-tabs
  1066:1   warning  Mixed spaces and tabs                                no-mixed-spaces-and-tabs
  1068:1   warning  Mixed spaces and tabs                                no-mixed-spaces-and-tabs
  1069:1   warning  Mixed spaces and tabs                                no-mixed-spaces-and-tabs
  1074:1   warning  Mixed spaces and tabs                                no-mixed-spaces-and-tabs
  1139:27  warning  'count' is assigned a value but never used           no-unused-vars
  1154:10  warning  'math' is not defined                                no-undef
  1155:10  warning  'math' is not defined                                no-undef
  1156:10  warning  'math' is not defined                                no-undef
  1157:10  warning  'math' is not defined                                no-undef
  1157:19  warning  'math' is not defined                                no-undef
  1158:22  warning  'math' is not defined                                no-undef
  1162:10  warning  'math' is not defined                                no-undef
  1163:10  warning  'math' is not defined                                no-undef
  1164:10  warning  'math' is not defined                                no-undef
  1165:10  warning  'math' is not defined                                no-undef
  1165:19  warning  'math' is not defined                                no-undef
  1166:21  warning  'math' is not defined                                no-undef
  1167:17  warning  'math' is not defined                                no-undef
  1169:10  warning  'math' is not defined                                no-undef
  1172:12  warning  'math' is not defined                                no-undef
  1176:1   warning  Mixed spaces and tabs                                no-mixed-spaces-and-tabs
  1177:1   warning  Mixed spaces and tabs                                no-mixed-spaces-and-tabs
  1178:1   warning  Mixed spaces and tabs                                no-mixed-spaces-and-tabs
  1180:1   warning  Mixed spaces and tabs                                no-mixed-spaces-and-tabs
  1185:11  warning  't' is already defined                               no-redeclare
  1187:6   warning  'a' is already defined                               no-redeclare
  1187:10  warning  'math' is not defined                                no-undef
  1188:6   warning  'b' is already defined                               no-redeclare
  1188:10  warning  'math' is not defined                                no-undef
  1189:6   warning  'c' is already defined                               no-redeclare
  1189:10  warning  'math' is not defined                                no-undef
  1190:6   warning  'd' is already defined                               no-redeclare
  1190:10  warning  'math' is not defined                                no-undef
  1190:19  warning  'math' is not defined                                no-undef
  1191:6   warning  'scndcompprt1' is already defined                    no-redeclare
  1191:22  warning  'math' is not defined                                no-undef
  1193:6   warning  'frstcomp' is already defined                        no-redeclare
  1195:6   warning  'e' is already defined                               no-redeclare
  1195:10  warning  'math' is not defined                                no-undef
  1196:6   warning  'f' is already defined                               no-redeclare
  1196:10  warning  'math' is not defined                                no-undef
  1197:6   warning  'g' is already defined                               no-redeclare
  1197:10  warning  'math' is not defined                                no-undef
  1198:6   warning  'h' is already defined                               no-redeclare
  1198:10  warning  'math' is not defined                                no-undef
  1198:19  warning  'math' is not defined                                no-undef
  1199:6   warning  'scndcompprt2' is already defined                    no-redeclare
  1199:21  warning  'math' is not defined                                no-undef
  1200:6   warning  'scndcomp' is already defined                        no-redeclare
  1200:17  warning  'math' is not defined                                no-undef
  1202:6   warning  'j' is already defined                               no-redeclare
  1202:10  warning  'math' is not defined                                no-undef
  1205:6   warning  'yop' is already defined                             no-redeclare
  1205:12  warning  'math' is not defined                                no-undef
  1208:1   warning  Mixed spaces and tabs                                no-mixed-spaces-and-tabs
  1215:14  warning  'math' is not defined                                no-undef
  1217:2   warning  Mixed spaces and tabs                                no-mixed-spaces-and-tabs
  1221:18  warning  'CanvasJS' is not defined                            no-undef
  1224:2   warning  Mixed spaces and tabs                                no-mixed-spaces-and-tabs
  1225:2   warning  Mixed spaces and tabs                                no-mixed-spaces-and-tabs
  1227:2   warning  Mixed spaces and tabs                                no-mixed-spaces-and-tabs
  1228:1   warning  Mixed spaces and tabs                                no-mixed-spaces-and-tabs
  1230:1   warning  Mixed spaces and tabs                                no-mixed-spaces-and-tabs
  1232:1   warning  Mixed spaces and tabs                                no-mixed-spaces-and-tabs
  1233:1   warning  Mixed spaces and tabs                                no-mixed-spaces-and-tabs
  1238:1   warning  Mixed spaces and tabs                                no-mixed-spaces-and-tabs
  1303:27  warning  'count' is assigned a value but never used           no-unused-vars
  1318:10  warning  'math' is not defined                                no-undef
  1318:36  warning  'math' is not defined                                no-undef
  1318:59  warning  'math' is not defined                                no-undef
  1319:10  warning  'math' is not defined                                no-undef
  1320:10  warning  'math' is not defined                                no-undef
  1321:10  warning  'math' is not defined                                no-undef
  1321:19  warning  'math' is not defined                                no-undef
  1322:22  warning  'math' is not defined                                no-undef
  1326:10  warning  'math' is not defined                                no-undef
  1327:10  warning  'math' is not defined                                no-undef
  1328:10  warning  'math' is not defined                                no-undef
  1329:10  warning  'math' is not defined                                no-undef
  1329:19  warning  'math' is not defined                                no-undef
  1330:21  warning  'math' is not defined                                no-undef
  1331:17  warning  'math' is not defined                                no-undef
  1333:10  warning  'math' is not defined                                no-undef
  1336:12  warning  'math' is not defined                                no-undef
  1340:1   warning  Mixed spaces and tabs                                no-mixed-spaces-and-tabs
  1342:1   warning  Mixed spaces and tabs                                no-mixed-spaces-and-tabs
  1343:1   warning  Mixed spaces and tabs                                no-mixed-spaces-and-tabs
  1348:11  warning  't' is already defined                               no-redeclare
  1350:6   warning  'a' is already defined                               no-redeclare
  1350:10  warning  'math' is not defined                                no-undef
  1350:36  warning  'math' is not defined                                no-undef
  1350:59  warning  'math' is not defined                                no-undef
  1351:6   warning  'b' is already defined                               no-redeclare
  1351:10  warning  'math' is not defined                                no-undef
  1352:6   warning  'c' is already defined                               no-redeclare
  1352:10  warning  'math' is not defined                                no-undef
  1353:6   warning  'd' is already defined                               no-redeclare
  1353:10  warning  'math' is not defined                                no-undef
  1353:19  warning  'math' is not defined                                no-undef
  1354:6   warning  'scndcompprt1' is already defined                    no-redeclare
  1354:22  warning  'math' is not defined                                no-undef
  1356:6   warning  'frstcomp' is already defined                        no-redeclare
  1358:6   warning  'e' is already defined                               no-redeclare
  1358:10  warning  'math' is not defined                                no-undef
  1359:6   warning  'f' is already defined                               no-redeclare
  1359:10  warning  'math' is not defined                                no-undef
  1360:6   warning  'g' is already defined                               no-redeclare
  1360:10  warning  'math' is not defined                                no-undef
  1361:6   warning  'h' is already defined                               no-redeclare
  1361:10  warning  'math' is not defined                                no-undef
  1361:19  warning  'math' is not defined                                no-undef
  1362:6   warning  'scndcompprt2' is already defined                    no-redeclare
  1362:21  warning  'math' is not defined                                no-undef
  1363:6   warning  'scndcomp' is already defined                        no-redeclare
  1363:17  warning  'math' is not defined                                no-undef
  1365:6   warning  'j' is already defined                               no-redeclare
  1365:10  warning  'math' is not defined                                no-undef
  1368:6   warning  'yop' is already defined                             no-redeclare
  1368:12  warning  'math' is not defined                                no-undef
  1371:1   warning  Mixed spaces and tabs                                no-mixed-spaces-and-tabs
  1377:14  warning  'math' is not defined                                no-undef
  1383:18  warning  'CanvasJS' is not defined                            no-undef
  1386:2   warning  Mixed spaces and tabs                                no-mixed-spaces-and-tabs
  1387:2   warning  Mixed spaces and tabs                                no-mixed-spaces-and-tabs
  1389:2   warning  Mixed spaces and tabs                                no-mixed-spaces-and-tabs
  1390:1   warning  Mixed spaces and tabs                                no-mixed-spaces-and-tabs
  1392:1   warning  Mixed spaces and tabs                                no-mixed-spaces-and-tabs
  1394:1   warning  Mixed spaces and tabs                                no-mixed-spaces-and-tabs
  1395:1   warning  Mixed spaces and tabs                                no-mixed-spaces-and-tabs
  1400:1   warning  Mixed spaces and tabs                                no-mixed-spaces-and-tabs
  1465:27  warning  'count' is assigned a value but never used           no-unused-vars
  1480:10  warning  'math' is not defined                                no-undef
  1480:23  warning  'math' is not defined                                no-undef
  1480:45  warning  'math' is not defined                                no-undef
  1480:62  warning  'math' is not defined                                no-undef
  1480:85  warning  'math' is not defined                                no-undef
  1481:10  warning  'math' is not defined                                no-undef
  1482:10  warning  'math' is not defined                                no-undef
  1483:10  warning  'math' is not defined                                no-undef
  1483:19  warning  'math' is not defined                                no-undef
  1484:22  warning  'math' is not defined                                no-undef
  1486:17  warning  'math' is not defined                                no-undef
  1486:39  warning  'math' is not defined                                no-undef
  1488:10  warning  'math' is not defined                                no-undef
  1489:10  warning  'math' is not defined                                no-undef
  1490:10  warning  'math' is not defined                                no-undef
  1491:10  warning  'math' is not defined                                no-undef
  1491:19  warning  'math' is not defined                                no-undef
  1492:21  warning  'math' is not defined                                no-undef
  1493:17  warning  'math' is not defined                                no-undef
  1495:10  warning  'math' is not defined                                no-undef
  1498:12  warning  'math' is not defined                                no-undef
  1502:1   warning  Mixed spaces and tabs                                no-mixed-spaces-and-tabs
  1504:1   warning  Mixed spaces and tabs                                no-mixed-spaces-and-tabs
  1509:11  warning  't' is already defined                               no-redeclare
  1511:6   warning  'a' is already defined                               no-redeclare
  1511:10  warning  'math' is not defined                                no-undef
  1511:23  warning  'math' is not defined                                no-undef
  1511:45  warning  'math' is not defined                                no-undef
  1511:62  warning  'math' is not defined                                no-undef
  1511:85  warning  'math' is not defined                                no-undef
  1512:6   warning  'b' is already defined                               no-redeclare
  1512:10  warning  'math' is not defined                                no-undef
  1513:6   warning  'c' is already defined                               no-redeclare
  1513:10  warning  'math' is not defined                                no-undef
  1514:6   warning  'd' is already defined                               no-redeclare
  1514:10  warning  'math' is not defined                                no-undef
  1514:19  warning  'math' is not defined                                no-undef
  1515:6   warning  'scndcompprt1' is already defined                    no-redeclare
  1515:22  warning  'math' is not defined                                no-undef
  1517:6   warning  'frstcomp' is already defined                        no-redeclare
  1517:17  warning  'math' is not defined                                no-undef
  1517:39  warning  'math' is not defined                                no-undef
  1519:6   warning  'e' is already defined                               no-redeclare
  1519:10  warning  'math' is not defined                                no-undef
  1520:6   warning  'f' is already defined                               no-redeclare
  1520:10  warning  'math' is not defined                                no-undef
  1521:6   warning  'g' is already defined                               no-redeclare
  1521:10  warning  'math' is not defined                                no-undef
  1522:6   warning  'h' is already defined                               no-redeclare
  1522:10  warning  'math' is not defined                                no-undef
  1522:19  warning  'math' is not defined                                no-undef
  1523:6   warning  'scndcompprt2' is already defined                    no-redeclare
  1523:21  warning  'math' is not defined                                no-undef
  1524:6   warning  'scndcomp' is already defined                        no-redeclare
  1524:17  warning  'math' is not defined                                no-undef
  1526:6   warning  'j' is already defined                               no-redeclare
  1526:10  warning  'math' is not defined                                no-undef
  1529:6   warning  'yop' is already defined                             no-redeclare
  1529:12  warning  'math' is not defined                                no-undef
  1532:1   warning  Mixed spaces and tabs                                no-mixed-spaces-and-tabs
  1538:14  warning  'math' is not defined                                no-undef
  1544:18  warning  'CanvasJS' is not defined                            no-undef
  1547:2   warning  Mixed spaces and tabs                                no-mixed-spaces-and-tabs
  1548:2   warning  Mixed spaces and tabs                                no-mixed-spaces-and-tabs
  1550:2   warning  Mixed spaces and tabs                                no-mixed-spaces-and-tabs
  1551:1   warning  Mixed spaces and tabs                                no-mixed-spaces-and-tabs
  1553:1   warning  Mixed spaces and tabs                                no-mixed-spaces-and-tabs
  1555:1   warning  Mixed spaces and tabs                                no-mixed-spaces-and-tabs
  1556:1   warning  Mixed spaces and tabs                                no-mixed-spaces-and-tabs
  1561:1   warning  Mixed spaces and tabs                                no-mixed-spaces-and-tabs
  1642:11  warning  'math' is not defined                                no-undef
  1643:11  warning  'math' is not defined                                no-undef
  1644:11  warning  'math' is not defined                                no-undef
  1645:11  warning  'math' is not defined                                no-undef
  1645:20  warning  'math' is not defined                                no-undef
  1646:11  warning  'math' is not defined                                no-undef
  1647:11  warning  'math' is not defined                                no-undef
  1648:11  warning  'math' is not defined                                no-undef
  1649:11  warning  'math' is not defined                                no-undef
  1649:20  warning  'math' is not defined                                no-undef
  1650:11  warning  'math' is not defined                                no-undef
  1651:12  warning  'math' is not defined                                no-undef
  1653:12  warning  'math' is not defined                                no-undef
  1654:12  warning  'math' is not defined                                no-undef
  1654:21  warning  'math' is not defined                                no-undef
  1655:12  warning  'math' is not defined                                no-undef
  1657:22  warning  'math' is not defined                                no-undef
  1657:53  warning  'math' is not defined                                no-undef
  1660:1   warning  Mixed spaces and tabs                                no-mixed-spaces-and-tabs
  1661:1   warning  Mixed spaces and tabs                                no-mixed-spaces-and-tabs
  1662:1   warning  Mixed spaces and tabs                                no-mixed-spaces-and-tabs
  1664:1   warning  Mixed spaces and tabs                                no-mixed-spaces-and-tabs
  1669:11  warning  't' is already defined                               no-redeclare
  1671:6   warning  'c1' is already defined                              no-redeclare
  1671:11  warning  'math' is not defined                                no-undef
  1672:6   warning  'c2' is already defined                              no-redeclare
  1672:11  warning  'math' is not defined                                no-undef
  1673:6   warning  'c3' is already defined                              no-redeclare
  1673:11  warning  'math' is not defined                                no-undef
  1674:6   warning  'c4' is already defined                              no-redeclare
  1674:11  warning  'math' is not defined                                no-undef
  1674:20  warning  'math' is not defined                                no-undef
  1675:6   warning  'c5' is already defined                              no-redeclare
  1675:11  warning  'math' is not defined                                no-undef
  1676:6   warning  'c6' is already defined                              no-redeclare
  1676:11  warning  'math' is not defined                                no-undef
  1677:6   warning  'c7' is already defined                              no-redeclare
  1677:11  warning  'math' is not defined                                no-undef
  1678:6   warning  'c8' is already defined                              no-redeclare
  1678:11  warning  'math' is not defined                                no-undef
  1678:20  warning  'math' is not defined                                no-undef
  1679:6   warning  'c9' is already defined                              no-redeclare
  1679:11  warning  'math' is not defined                                no-undef
  1680:6   warning  'c10' is already defined                             no-redeclare
  1680:12  warning  'math' is not defined                                no-undef
  1682:6   warning  'c11' is already defined                             no-redeclare
  1682:12  warning  'math' is not defined                                no-undef
  1683:6   warning  'c12' is already defined                             no-redeclare
  1683:12  warning  'math' is not defined                                no-undef
  1683:21  warning  'math' is not defined                                no-undef
  1684:6   warning  'c13' is already defined                             no-redeclare
  1684:12  warning  'math' is not defined                                no-undef
  1686:6   warning  'complexoutput' is already defined                   no-redeclare
  1686:22  warning  'math' is not defined                                no-undef
  1686:53  warning  'math' is not defined                                no-undef
  1687:6   warning  'output' is already defined                          no-redeclare
  1688:1   warning  Mixed spaces and tabs                                no-mixed-spaces-and-tabs
  1689:1   warning  Mixed spaces and tabs                                no-mixed-spaces-and-tabs
  1690:1   warning  Mixed spaces and tabs                                no-mixed-spaces-and-tabs
  1698:14  warning  'math' is not defined                                no-undef
  1704:18  warning  'CanvasJS' is not defined                            no-undef
  1707:2   warning  Mixed spaces and tabs                                no-mixed-spaces-and-tabs
  1708:2   warning  Mixed spaces and tabs                                no-mixed-spaces-and-tabs
  1710:2   warning  Mixed spaces and tabs                                no-mixed-spaces-and-tabs
  1711:1   warning  Mixed spaces and tabs                                no-mixed-spaces-and-tabs
  1713:1   warning  Mixed spaces and tabs                                no-mixed-spaces-and-tabs
  1715:1   warning  Mixed spaces and tabs                                no-mixed-spaces-and-tabs
  1716:1   warning  Mixed spaces and tabs                                no-mixed-spaces-and-tabs
  1721:1   warning  Mixed spaces and tabs                                no-mixed-spaces-and-tabs
  1802:11  warning  'math' is not defined                                no-undef
  1803:11  warning  'math' is not defined                                no-undef
  1804:11  warning  'math' is not defined                                no-undef
  1805:11  warning  'math' is not defined                                no-undef
  1805:20  warning  'math' is not defined                                no-undef
  1806:11  warning  'math' is not defined                                no-undef
  1807:11  warning  'math' is not defined                                no-undef
  1808:11  warning  'math' is not defined                                no-undef
  1809:11  warning  'math' is not defined                                no-undef
  1809:20  warning  'math' is not defined                                no-undef
  1810:11  warning  'math' is not defined                                no-undef
  1811:12  warning  'math' is not defined                                no-undef
  1813:12  warning  'math' is not defined                                no-undef
  1814:12  warning  'math' is not defined                                no-undef
  1814:21  warning  'math' is not defined                                no-undef
  1815:12  warning  'math' is not defined                                no-undef
  1817:22  warning  'math' is not defined                                no-undef
  1817:53  warning  'math' is not defined                                no-undef
  1820:1   warning  Mixed spaces and tabs                                no-mixed-spaces-and-tabs
  1821:1   warning  Mixed spaces and tabs                                no-mixed-spaces-and-tabs
  1822:1   warning  Mixed spaces and tabs                                no-mixed-spaces-and-tabs
  1824:1   warning  Mixed spaces and tabs                                no-mixed-spaces-and-tabs
  1829:11  warning  't' is already defined                               no-redeclare
  1831:6   warning  'c1' is already defined                              no-redeclare
  1831:11  warning  'math' is not defined                                no-undef
  1832:6   warning  'c2' is already defined                              no-redeclare
  1832:11  warning  'math' is not defined                                no-undef
  1833:6   warning  'c3' is already defined                              no-redeclare
  1833:11  warning  'math' is not defined                                no-undef
  1834:6   warning  'c4' is already defined                              no-redeclare
  1834:11  warning  'math' is not defined                                no-undef
  1834:20  warning  'math' is not defined                                no-undef
  1835:6   warning  'c5' is already defined                              no-redeclare
  1835:11  warning  'math' is not defined                                no-undef
  1836:6   warning  'c6' is already defined                              no-redeclare
  1836:11  warning  'math' is not defined                                no-undef
  1837:6   warning  'c7' is already defined                              no-redeclare
  1837:11  warning  'math' is not defined                                no-undef
  1838:6   warning  'c8' is already defined                              no-redeclare
  1838:11  warning  'math' is not defined                                no-undef
  1838:20  warning  'math' is not defined                                no-undef
  1839:6   warning  'c9' is already defined                              no-redeclare
  1839:11  warning  'math' is not defined                                no-undef
  1840:6   warning  'c10' is already defined                             no-redeclare
  1840:12  warning  'math' is not defined                                no-undef
  1842:6   warning  'c11' is already defined                             no-redeclare
  1842:12  warning  'math' is not defined                                no-undef
  1843:6   warning  'c12' is already defined                             no-redeclare
  1843:12  warning  'math' is not defined                                no-undef
  1843:21  warning  'math' is not defined                                no-undef
  1844:6   warning  'c13' is already defined                             no-redeclare
  1844:12  warning  'math' is not defined                                no-undef
  1846:6   warning  'complexoutput' is already defined                   no-redeclare
  1846:22  warning  'math' is not defined                                no-undef
  1846:53  warning  'math' is not defined                                no-undef
  1847:6   warning  'output' is already defined                          no-redeclare
  1848:1   warning  Mixed spaces and tabs                                no-mixed-spaces-and-tabs
  1849:1   warning  Mixed spaces and tabs                                no-mixed-spaces-and-tabs
  1850:1   warning  Mixed spaces and tabs                                no-mixed-spaces-and-tabs
  1858:14  warning  'math' is not defined                                no-undef
  1864:18  warning  'CanvasJS' is not defined                            no-undef
  1867:2   warning  Mixed spaces and tabs                                no-mixed-spaces-and-tabs
  1868:2   warning  Mixed spaces and tabs                                no-mixed-spaces-and-tabs
  1870:2   warning  Mixed spaces and tabs                                no-mixed-spaces-and-tabs
  1871:1   warning  Mixed spaces and tabs                                no-mixed-spaces-and-tabs
  1873:1   warning  Mixed spaces and tabs                                no-mixed-spaces-and-tabs
  1875:1   warning  Mixed spaces and tabs                                no-mixed-spaces-and-tabs
  1876:1   warning  Mixed spaces and tabs                                no-mixed-spaces-and-tabs
  1881:1   warning  Mixed spaces and tabs                                no-mixed-spaces-and-tabs
  1961:11  warning  'math' is not defined                                no-undef
  1962:11  warning  'math' is not defined                                no-undef
  1963:11  warning  'math' is not defined                                no-undef
  1964:11  warning  'math' is not defined                                no-undef
  1964:20  warning  'math' is not defined                                no-undef
  1965:11  warning  'math' is not defined                                no-undef
  1966:11  warning  'math' is not defined                                no-undef
  1967:11  warning  'math' is not defined                                no-undef
  1968:11  warning  'math' is not defined                                no-undef
  1968:20  warning  'math' is not defined                                no-undef
  1969:11  warning  'math' is not defined                                no-undef
  1970:12  warning  'math' is not defined                                no-undef
  1972:12  warning  'math' is not defined                                no-undef
  1973:12  warning  'math' is not defined                                no-undef
  1973:21  warning  'math' is not defined                                no-undef
  1974:12  warning  'math' is not defined                                no-undef
  1976:22  warning  'math' is not defined                                no-undef
  1976:53  warning  'math' is not defined                                no-undef
  1979:1   warning  Mixed spaces and tabs                                no-mixed-spaces-and-tabs
  1980:1   warning  Mixed spaces and tabs                                no-mixed-spaces-and-tabs
  1981:1   warning  Mixed spaces and tabs                                no-mixed-spaces-and-tabs
  1983:1   warning  Mixed spaces and tabs                                no-mixed-spaces-and-tabs
  1988:11  warning  't' is already defined                               no-redeclare
  1990:6   warning  'c1' is already defined                              no-redeclare
  1990:11  warning  'math' is not defined                                no-undef
  1991:6   warning  'c2' is already defined                              no-redeclare
  1991:11  warning  'math' is not defined                                no-undef
  1992:6   warning  'c3' is already defined                              no-redeclare
  1992:11  warning  'math' is not defined                                no-undef
  1993:6   warning  'c4' is already defined                              no-redeclare
  1993:11  warning  'math' is not defined                                no-undef
  1993:20  warning  'math' is not defined                                no-undef
  1994:6   warning  'c5' is already defined                              no-redeclare
  1994:11  warning  'math' is not defined                                no-undef
  1995:6   warning  'c6' is already defined                              no-redeclare
  1995:11  warning  'math' is not defined                                no-undef
  1996:6   warning  'c7' is already defined                              no-redeclare
  1996:11  warning  'math' is not defined                                no-undef
  1997:6   warning  'c8' is already defined                              no-redeclare
  1997:11  warning  'math' is not defined                                no-undef
  1997:20  warning  'math' is not defined                                no-undef
  1998:6   warning  'c9' is already defined                              no-redeclare
  1998:11  warning  'math' is not defined                                no-undef
  1999:6   warning  'c10' is already defined                             no-redeclare
  1999:12  warning  'math' is not defined                                no-undef
  2001:6   warning  'c11' is already defined                             no-redeclare
  2001:12  warning  'math' is not defined                                no-undef
  2002:6   warning  'c12' is already defined                             no-redeclare
  2002:12  warning  'math' is not defined                                no-undef
  2002:21  warning  'math' is not defined                                no-undef
  2003:6   warning  'c13' is already defined                             no-redeclare
  2003:12  warning  'math' is not defined                                no-undef
  2005:6   warning  'complexoutput' is already defined                   no-redeclare
  2005:22  warning  'math' is not defined                                no-undef
  2005:53  warning  'math' is not defined                                no-undef
  2006:6   warning  'output' is already defined                          no-redeclare
  2007:1   warning  Mixed spaces and tabs                                no-mixed-spaces-and-tabs
  2008:1   warning  Mixed spaces and tabs                                no-mixed-spaces-and-tabs
  2009:1   warning  Mixed spaces and tabs                                no-mixed-spaces-and-tabs
  2016:13  warning  'math' is not defined                                no-undef
  2022:18  warning  'CanvasJS' is not defined                            no-undef
  2025:2   warning  Mixed spaces and tabs                                no-mixed-spaces-and-tabs
  2026:2   warning  Mixed spaces and tabs                                no-mixed-spaces-and-tabs
  2028:2   warning  Mixed spaces and tabs                                no-mixed-spaces-and-tabs
  2029:1   warning  Mixed spaces and tabs                                no-mixed-spaces-and-tabs
  2031:1   warning  Mixed spaces and tabs                                no-mixed-spaces-and-tabs
  2033:1   warning  Mixed spaces and tabs                                no-mixed-spaces-and-tabs
  2034:1   warning  Mixed spaces and tabs                                no-mixed-spaces-and-tabs
  2039:1   warning  Mixed spaces and tabs                                no-mixed-spaces-and-tabs
  2119:11  warning  'math' is not defined                                no-undef
  2120:11  warning  'math' is not defined                                no-undef
  2121:11  warning  'math' is not defined                                no-undef
  2122:11  warning  'math' is not defined                                no-undef
  2122:20  warning  'math' is not defined                                no-undef
  2123:11  warning  'math' is not defined                                no-undef
  2124:11  warning  'math' is not defined                                no-undef
  2125:11  warning  'math' is not defined                                no-undef
  2126:11  warning  'math' is not defined                                no-undef
  2126:20  warning  'math' is not defined                                no-undef
  2127:11  warning  'math' is not defined                                no-undef
  2128:12  warning  'math' is not defined                                no-undef
  2130:12  warning  'math' is not defined                                no-undef
  2131:12  warning  'math' is not defined                                no-undef
  2131:21  warning  'math' is not defined                                no-undef
  2132:12  warning  'math' is not defined                                no-undef
  2134:22  warning  'math' is not defined                                no-undef
  2134:53  warning  'math' is not defined                                no-undef
  2137:1   warning  Mixed spaces and tabs                                no-mixed-spaces-and-tabs
  2138:1   warning  Mixed spaces and tabs                                no-mixed-spaces-and-tabs
  2139:1   warning  Mixed spaces and tabs                                no-mixed-spaces-and-tabs
  2146:11  warning  't' is already defined                               no-redeclare
  2148:6   warning  'c1' is already defined                              no-redeclare
  2148:11  warning  'math' is not defined                                no-undef
  2149:6   warning  'c2' is already defined                              no-redeclare
  2149:11  warning  'math' is not defined                                no-undef
  2150:6   warning  'c3' is already defined                              no-redeclare
  2150:11  warning  'math' is not defined                                no-undef
  2151:6   warning  'c4' is already defined                              no-redeclare
  2151:11  warning  'math' is not defined                                no-undef
  2151:20  warning  'math' is not defined                                no-undef
  2152:6   warning  'c5' is already defined                              no-redeclare
  2152:11  warning  'math' is not defined                                no-undef
  2153:6   warning  'c6' is already defined                              no-redeclare
  2153:11  warning  'math' is not defined                                no-undef
  2154:6   warning  'c7' is already defined                              no-redeclare
  2154:11  warning  'math' is not defined                                no-undef
  2155:6   warning  'c8' is already defined                              no-redeclare
  2155:11  warning  'math' is not defined                                no-undef
  2155:20  warning  'math' is not defined                                no-undef
  2156:6   warning  'c9' is already defined                              no-redeclare
  2156:11  warning  'math' is not defined                                no-undef
  2157:6   warning  'c10' is already defined                             no-redeclare
  2157:12  warning  'math' is not defined                                no-undef
  2159:6   warning  'c11' is already defined                             no-redeclare
  2159:12  warning  'math' is not defined                                no-undef
  2160:6   warning  'c12' is already defined                             no-redeclare
  2160:12  warning  'math' is not defined                                no-undef
  2160:21  warning  'math' is not defined                                no-undef
  2161:6   warning  'c13' is already defined                             no-redeclare
  2161:12  warning  'math' is not defined                                no-undef
  2163:6   warning  'complexoutput' is already defined                   no-redeclare
  2163:22  warning  'math' is not defined                                no-undef
  2163:53  warning  'math' is not defined                                no-undef
  2164:6   warning  'output' is already defined                          no-redeclare
  2165:1   warning  Mixed spaces and tabs                                no-mixed-spaces-and-tabs
  2166:1   warning  Mixed spaces and tabs                                no-mixed-spaces-and-tabs
  2167:1   warning  Mixed spaces and tabs                                no-mixed-spaces-and-tabs
  2175:13  warning  'math' is not defined                                no-undef
  2181:18  warning  'CanvasJS' is not defined                            no-undef
  2184:2   warning  Mixed spaces and tabs                                no-mixed-spaces-and-tabs
  2185:2   warning  Mixed spaces and tabs                                no-mixed-spaces-and-tabs
  2187:2   warning  Mixed spaces and tabs                                no-mixed-spaces-and-tabs
  2188:1   warning  Mixed spaces and tabs                                no-mixed-spaces-and-tabs
  2190:1   warning  Mixed spaces and tabs                                no-mixed-spaces-and-tabs
  2192:1   warning  Mixed spaces and tabs                                no-mixed-spaces-and-tabs
  2193:1   warning  Mixed spaces and tabs                                no-mixed-spaces-and-tabs
  2198:1   warning  Mixed spaces and tabs                                no-mixed-spaces-and-tabs
  2279:11  warning  'math' is not defined                                no-undef
  2279:24  warning  'math' is not defined                                no-undef
  2279:47  warning  'math' is not defined                                no-undef
  2280:11  warning  'math' is not defined                                no-undef
  2281:11  warning  'math' is not defined                                no-undef
  2282:11  warning  'math' is not defined                                no-undef
  2282:20  warning  'math' is not defined                                no-undef
  2283:11  warning  'math' is not defined                                no-undef
  2284:11  warning  'math' is not defined                                no-undef
  2285:11  warning  'math' is not defined                                no-undef
  2286:11  warning  'math' is not defined                                no-undef
  2286:20  warning  'math' is not defined                                no-undef
  2287:11  warning  'math' is not defined                                no-undef
  2288:12  warning  'math' is not defined                                no-undef
  2290:12  warning  'math' is not defined                                no-undef
  2291:12  warning  'math' is not defined                                no-undef
  2291:21  warning  'math' is not defined                                no-undef
  2292:12  warning  'math' is not defined                                no-undef
  2294:22  warning  'math' is not defined                                no-undef
  2294:53  warning  'math' is not defined                                no-undef
  2297:1   warning  Mixed spaces and tabs                                no-mixed-spaces-and-tabs
  2298:1   warning  Mixed spaces and tabs                                no-mixed-spaces-and-tabs
  2299:1   warning  Mixed spaces and tabs                                no-mixed-spaces-and-tabs
  2301:1   warning  Mixed spaces and tabs                                no-mixed-spaces-and-tabs
  2306:11  warning  't' is already defined                               no-redeclare
  2308:6   warning  'c1' is already defined                              no-redeclare
  2308:11  warning  'math' is not defined                                no-undef
  2308:24  warning  'math' is not defined                                no-undef
  2308:47  warning  'math' is not defined                                no-undef
  2309:6   warning  'c2' is already defined                              no-redeclare
  2309:11  warning  'math' is not defined                                no-undef
  2310:6   warning  'c3' is already defined                              no-redeclare
  2310:11  warning  'math' is not defined                                no-undef
  2311:6   warning  'c4' is already defined                              no-redeclare
  2311:11  warning  'math' is not defined                                no-undef
  2311:20  warning  'math' is not defined                                no-undef
  2312:6   warning  'c5' is already defined                              no-redeclare
  2312:11  warning  'math' is not defined                                no-undef
  2313:6   warning  'c6' is already defined                              no-redeclare
  2313:11  warning  'math' is not defined                                no-undef
  2314:6   warning  'c7' is already defined                              no-redeclare
  2314:11  warning  'math' is not defined                                no-undef
  2315:6   warning  'c8' is already defined                              no-redeclare
  2315:11  warning  'math' is not defined                                no-undef
  2315:20  warning  'math' is not defined                                no-undef
  2316:6   warning  'c9' is already defined                              no-redeclare
  2316:11  warning  'math' is not defined                                no-undef
  2317:6   warning  'c10' is already defined                             no-redeclare
  2317:12  warning  'math' is not defined                                no-undef
  2319:6   warning  'c11' is already defined                             no-redeclare
  2319:12  warning  'math' is not defined                                no-undef
  2320:6   warning  'c12' is already defined                             no-redeclare
  2320:12  warning  'math' is not defined                                no-undef
  2320:21  warning  'math' is not defined                                no-undef
  2321:6   warning  'c13' is already defined                             no-redeclare
  2321:12  warning  'math' is not defined                                no-undef
  2323:6   warning  'complexoutput' is already defined                   no-redeclare
  2323:22  warning  'math' is not defined                                no-undef
  2323:53  warning  'math' is not defined                                no-undef
  2324:6   warning  'output' is already defined                          no-redeclare
  2325:1   warning  Mixed spaces and tabs                                no-mixed-spaces-and-tabs
  2326:1   warning  Mixed spaces and tabs                                no-mixed-spaces-and-tabs
  2327:1   warning  Mixed spaces and tabs                                no-mixed-spaces-and-tabs
  2334:14  warning  'math' is not defined                                no-undef
  2340:18  warning  'CanvasJS' is not defined                            no-undef
  2343:2   warning  Mixed spaces and tabs                                no-mixed-spaces-and-tabs
  2344:2   warning  Mixed spaces and tabs                                no-mixed-spaces-and-tabs
  2346:2   warning  Mixed spaces and tabs                                no-mixed-spaces-and-tabs
  2347:1   warning  Mixed spaces and tabs                                no-mixed-spaces-and-tabs
  2349:1   warning  Mixed spaces and tabs                                no-mixed-spaces-and-tabs
  2351:1   warning  Mixed spaces and tabs                                no-mixed-spaces-and-tabs
  2352:1   warning  Mixed spaces and tabs                                no-mixed-spaces-and-tabs
  2357:1   warning  Mixed spaces and tabs                                no-mixed-spaces-and-tabs
  2438:11  warning  'math' is not defined                                no-undef
  2438:38  warning  'math' is not defined                                no-undef
  2438:47  warning  'math' is not defined                                no-undef
  2438:54  warning  'math' is not defined                                no-undef
  2439:11  warning  'math' is not defined                                no-undef
  2439:37  warning  'math' is not defined                                no-undef
  2439:46  warning  'math' is not defined                                no-undef
  2439:53  warning  'math' is not defined                                no-undef
  2440:11  warning  'math' is not defined                                no-undef
  2440:38  warning  'math' is not defined                                no-undef
  2440:47  warning  'math' is not defined                                no-undef
  2440:54  warning  'math' is not defined                                no-undef
  2442:11  warning  'math' is not defined                                no-undef
  2442:42  warning  'math' is not defined                                no-undef
  2444:1   warning  Mixed spaces and tabs                                no-mixed-spaces-and-tabs
  2445:1   warning  Mixed spaces and tabs                                no-mixed-spaces-and-tabs
  2446:1   warning  Mixed spaces and tabs                                no-mixed-spaces-and-tabs
  2448:1   warning  Mixed spaces and tabs                                no-mixed-spaces-and-tabs
  2453:11  warning  't' is already defined                               no-redeclare
  2455:6   warning  'd1' is already defined                              no-redeclare
  2455:11  warning  'math' is not defined                                no-undef
  2455:38  warning  'math' is not defined                                no-undef
  2455:47  warning  'math' is not defined                                no-undef
  2455:54  warning  'math' is not defined                                no-undef
  2456:6   warning  'd2' is already defined                              no-redeclare
  2456:11  warning  'math' is not defined                                no-undef
  2456:37  warning  'math' is not defined                                no-undef
  2456:46  warning  'math' is not defined                                no-undef
  2456:53  warning  'math' is not defined                                no-undef
  2457:6   warning  'd3' is already defined                              no-redeclare
  2457:11  warning  'math' is not defined                                no-undef
  2457:38  warning  'math' is not defined                                no-undef
  2457:47  warning  'math' is not defined                                no-undef
  2457:54  warning  'math' is not defined                                no-undef
  2459:6   warning  'd4' is already defined                              no-redeclare
  2459:11  warning  'math' is not defined                                no-undef
  2459:42  warning  'math' is not defined                                no-undef
  2460:6   warning  'output' is already defined                          no-redeclare
  2461:1   warning  Mixed spaces and tabs                                no-mixed-spaces-and-tabs
  2462:1   warning  Mixed spaces and tabs                                no-mixed-spaces-and-tabs
  2463:1   warning  Mixed spaces and tabs                                no-mixed-spaces-and-tabs
  2470:14  warning  'math' is not defined                                no-undef
  2476:18  warning  'CanvasJS' is not defined                            no-undef
  2479:2   warning  Mixed spaces and tabs                                no-mixed-spaces-and-tabs
  2480:2   warning  Mixed spaces and tabs                                no-mixed-spaces-and-tabs
  2482:2   warning  Mixed spaces and tabs                                no-mixed-spaces-and-tabs
  2483:1   warning  Mixed spaces and tabs                                no-mixed-spaces-and-tabs
  2485:1   warning  Mixed spaces and tabs                                no-mixed-spaces-and-tabs
  2487:1   warning  Mixed spaces and tabs                                no-mixed-spaces-and-tabs
  2488:1   warning  Mixed spaces and tabs                                no-mixed-spaces-and-tabs
  2493:1   warning  Mixed spaces and tabs                                no-mixed-spaces-and-tabs
  2550:10  warning  'dual' is defined but never used                     no-unused-vars
  2573:9   warning  'i' is already defined                               no-redeclare
  2737:27  warning  'count' is assigned a value but never used           no-unused-vars
  2752:10  warning  'math' is not defined                                no-undef
  2752:37  warning  'math' is not defined                                no-undef
  2752:60  warning  'math' is not defined                                no-undef
  2753:10  warning  'math' is not defined                                no-undef
  2754:10  warning  'math' is not defined                                no-undef
  2755:10  warning  'math' is not defined                                no-undef
  2755:19  warning  'math' is not defined                                no-undef
  2756:22  warning  'math' is not defined                                no-undef
  2760:10  warning  'math' is not defined                                no-undef
  2761:10  warning  'math' is not defined                                no-undef
  2762:10  warning  'math' is not defined                                no-undef
  2763:10  warning  'math' is not defined                                no-undef
  2763:19  warning  'math' is not defined                                no-undef
  2764:21  warning  'math' is not defined                                no-undef
  2765:17  warning  'math' is not defined                                no-undef
  2767:10  warning  'math' is not defined                                no-undef
  2770:12  warning  'math' is not defined                                no-undef
  2774:1   warning  Mixed spaces and tabs                                no-mixed-spaces-and-tabs
  2785:11  warning  't' is already defined                               no-redeclare
  2787:6   warning  'a' is already defined                               no-redeclare
  2787:10  warning  'math' is not defined                                no-undef
  2787:37  warning  'math' is not defined                                no-undef
  2787:60  warning  'math' is not defined                                no-undef
  2788:6   warning  'b' is already defined                               no-redeclare
  2788:10  warning  'math' is not defined                                no-undef
  2789:6   warning  'c' is already defined                               no-redeclare
  2789:10  warning  'math' is not defined                                no-undef
  2790:6   warning  'd' is already defined                               no-redeclare
  2790:10  warning  'math' is not defined                                no-undef
  2790:19  warning  'math' is not defined                                no-undef
  2791:6   warning  'scndcompprt1' is already defined                    no-redeclare
  2791:22  warning  'math' is not defined                                no-undef
  2793:6   warning  'frstcomp' is already defined                        no-redeclare
  2795:6   warning  'e' is already defined                               no-redeclare
  2795:10  warning  'math' is not defined                                no-undef
  2796:6   warning  'f' is already defined                               no-redeclare
  2796:10  warning  'math' is not defined                                no-undef
  2797:6   warning  'g' is already defined                               no-redeclare
  2797:10  warning  'math' is not defined                                no-undef
  2798:6   warning  'h' is already defined                               no-redeclare
  2798:10  warning  'math' is not defined                                no-undef
  2798:19  warning  'math' is not defined                                no-undef
  2799:6   warning  'scndcompprt2' is already defined                    no-redeclare
  2799:21  warning  'math' is not defined                                no-undef
  2800:6   warning  'scndcomp' is already defined                        no-redeclare
  2800:17  warning  'math' is not defined                                no-undef
  2802:6   warning  'j' is already defined                               no-redeclare
  2802:10  warning  'math' is not defined                                no-undef
  2805:6   warning  'yop' is already defined                             no-redeclare
  2805:12  warning  'math' is not defined                                no-undef
  2808:1   warning  Mixed spaces and tabs                                no-mixed-spaces-and-tabs
  2811:6   warning  'measured' is already defined                        no-redeclare
  2812:6   warning  'set' is already defined                             no-redeclare
  2820:18  warning  'CanvasJS' is not defined                            no-undef
  2823:2   warning  Mixed spaces and tabs                                no-mixed-spaces-and-tabs
  2824:2   warning  Mixed spaces and tabs                                no-mixed-spaces-and-tabs
  2826:2   warning  Mixed spaces and tabs                                no-mixed-spaces-and-tabs
  2827:1   warning  Mixed spaces and tabs                                no-mixed-spaces-and-tabs
  2829:1   warning  Mixed spaces and tabs                                no-mixed-spaces-and-tabs
  2831:1   warning  Mixed spaces and tabs                                no-mixed-spaces-and-tabs
  2832:1   warning  Mixed spaces and tabs                                no-mixed-spaces-and-tabs
  2837:1   warning  Mixed spaces and tabs                                no-mixed-spaces-and-tabs
  2900:27  warning  'count' is assigned a value but never used           no-unused-vars
  2915:10  warning  'math' is not defined                                no-undef
  2916:10  warning  'math' is not defined                                no-undef
  2917:10  warning  'math' is not defined                                no-undef
  2918:10  warning  'math' is not defined                                no-undef
  2918:19  warning  'math' is not defined                                no-undef
  2919:22  warning  'math' is not defined                                no-undef
  2923:10  warning  'math' is not defined                                no-undef
  2924:10  warning  'math' is not defined                                no-undef
  2925:10  warning  'math' is not defined                                no-undef
  2926:10  warning  'math' is not defined                                no-undef
  2926:19  warning  'math' is not defined                                no-undef
  2927:21  warning  'math' is not defined                                no-undef
  2928:17  warning  'math' is not defined                                no-undef
  2930:10  warning  'math' is not defined                                no-undef
  2933:12  warning  'math' is not defined                                no-undef
  2937:1   warning  Mixed spaces and tabs                                no-mixed-spaces-and-tabs
  2948:11  warning  't' is already defined                               no-redeclare
  2950:6   warning  'a' is already defined                               no-redeclare
  2950:10  warning  'math' is not defined                                no-undef
  2951:6   warning  'b' is already defined                               no-redeclare
  2951:10  warning  'math' is not defined                                no-undef
  2952:6   warning  'c' is already defined                               no-redeclare
  2952:10  warning  'math' is not defined                                no-undef
  2953:6   warning  'd' is already defined                               no-redeclare
  2953:10  warning  'math' is not defined                                no-undef
  2953:19  warning  'math' is not defined                                no-undef
  2954:6   warning  'scndcompprt1' is already defined                    no-redeclare
  2954:22  warning  'math' is not defined                                no-undef
  2956:6   warning  'frstcomp' is already defined                        no-redeclare
  2958:6   warning  'e' is already defined                               no-redeclare
  2958:10  warning  'math' is not defined                                no-undef
  2959:6   warning  'f' is already defined                               no-redeclare
  2959:10  warning  'math' is not defined                                no-undef
  2960:6   warning  'g' is already defined                               no-redeclare
  2960:10  warning  'math' is not defined                                no-undef
  2961:6   warning  'h' is already defined                               no-redeclare
  2961:10  warning  'math' is not defined                                no-undef
  2961:19  warning  'math' is not defined                                no-undef
  2962:6   warning  'scndcompprt2' is already defined                    no-redeclare
  2962:21  warning  'math' is not defined                                no-undef
  2963:6   warning  'scndcomp' is already defined                        no-redeclare
  2963:17  warning  'math' is not defined                                no-undef
  2965:6   warning  'j' is already defined                               no-redeclare
  2965:10  warning  'math' is not defined                                no-undef
  2968:6   warning  'yop' is already defined                             no-redeclare
  2968:12  warning  'math' is not defined                                no-undef
  2971:1   warning  Mixed spaces and tabs                                no-mixed-spaces-and-tabs
  2974:6   warning  'measured' is already defined                        no-redeclare
  2975:6   warning  'set' is already defined                             no-redeclare
  2983:18  warning  'CanvasJS' is not defined                            no-undef
  2986:2   warning  Mixed spaces and tabs                                no-mixed-spaces-and-tabs
  2987:2   warning  Mixed spaces and tabs                                no-mixed-spaces-and-tabs
  2989:2   warning  Mixed spaces and tabs                                no-mixed-spaces-and-tabs
  2990:1   warning  Mixed spaces and tabs                                no-mixed-spaces-and-tabs
  2992:1   warning  Mixed spaces and tabs                                no-mixed-spaces-and-tabs
  2994:1   warning  Mixed spaces and tabs                                no-mixed-spaces-and-tabs
  2995:1   warning  Mixed spaces and tabs                                no-mixed-spaces-and-tabs
  3000:1   warning  Mixed spaces and tabs                                no-mixed-spaces-and-tabs
  3065:27  warning  'count' is assigned a value but never used           no-unused-vars
  3080:10  warning  'math' is not defined                                no-undef
  3081:10  warning  'math' is not defined                                no-undef
  3082:10  warning  'math' is not defined                                no-undef
  3083:10  warning  'math' is not defined                                no-undef
  3083:19  warning  'math' is not defined                                no-undef
  3084:22  warning  'math' is not defined                                no-undef
  3088:10  warning  'math' is not defined                                no-undef
  3089:10  warning  'math' is not defined                                no-undef
  3090:10  warning  'math' is not defined                                no-undef
  3091:10  warning  'math' is not defined                                no-undef
  3091:19  warning  'math' is not defined                                no-undef
  3092:21  warning  'math' is not defined                                no-undef
  3093:17  warning  'math' is not defined                                no-undef
  3095:10  warning  'math' is not defined                                no-undef
  3098:12  warning  'math' is not defined                                no-undef
  3102:1   warning  Mixed spaces and tabs                                no-mixed-spaces-and-tabs
  3113:11  warning  't' is already defined                               no-redeclare
  3115:6   warning  'a' is already defined                               no-redeclare
  3115:10  warning  'math' is not defined                                no-undef
  3116:6   warning  'b' is already defined                               no-redeclare
  3116:10  warning  'math' is not defined                                no-undef
  3117:6   warning  'c' is already defined                               no-redeclare
  3117:10  warning  'math' is not defined                                no-undef
  3118:6   warning  'd' is already defined                               no-redeclare
  3118:10  warning  'math' is not defined                                no-undef
  3118:19  warning  'math' is not defined                                no-undef
  3119:6   warning  'scndcompprt1' is already defined                    no-redeclare
  3119:22  warning  'math' is not defined                                no-undef
  3121:6   warning  'frstcomp' is already defined                        no-redeclare
  3123:6   warning  'e' is already defined                               no-redeclare
  3123:10  warning  'math' is not defined                                no-undef
  3124:6   warning  'f' is already defined                               no-redeclare
  3124:10  warning  'math' is not defined                                no-undef
  3125:6   warning  'g' is already defined                               no-redeclare
  3125:10  warning  'math' is not defined                                no-undef
  3126:6   warning  'h' is already defined                               no-redeclare
  3126:10  warning  'math' is not defined                                no-undef
  3126:19  warning  'math' is not defined                                no-undef
  3127:6   warning  'scndcompprt2' is already defined                    no-redeclare
  3127:21  warning  'math' is not defined                                no-undef
  3128:6   warning  'scndcomp' is already defined                        no-redeclare
  3128:17  warning  'math' is not defined                                no-undef
  3130:6   warning  'j' is already defined                               no-redeclare
  3130:10  warning  'math' is not defined                                no-undef
  3133:6   warning  'yop' is already defined                             no-redeclare
  3133:12  warning  'math' is not defined                                no-undef
  3136:1   warning  Mixed spaces and tabs                                no-mixed-spaces-and-tabs
  3139:6   warning  'measured' is already defined                        no-redeclare
  3140:6   warning  'set' is already defined                             no-redeclare
  3148:18  warning  'CanvasJS' is not defined                            no-undef
  3151:2   warning  Mixed spaces and tabs                                no-mixed-spaces-and-tabs
  3152:2   warning  Mixed spaces and tabs                                no-mixed-spaces-and-tabs
  3154:2   warning  Mixed spaces and tabs                                no-mixed-spaces-and-tabs
  3155:1   warning  Mixed spaces and tabs                                no-mixed-spaces-and-tabs
  3157:1   warning  Mixed spaces and tabs                                no-mixed-spaces-and-tabs
  3159:1   warning  Mixed spaces and tabs                                no-mixed-spaces-and-tabs
  3160:1   warning  Mixed spaces and tabs                                no-mixed-spaces-and-tabs
  3165:1   warning  Mixed spaces and tabs                                no-mixed-spaces-and-tabs
  3228:27  warning  'count' is assigned a value but never used           no-unused-vars
  3243:10  warning  'math' is not defined                                no-undef
  3243:36  warning  'math' is not defined                                no-undef
  3243:59  warning  'math' is not defined                                no-undef
  3244:10  warning  'math' is not defined                                no-undef
  3245:10  warning  'math' is not defined                                no-undef
  3246:10  warning  'math' is not defined                                no-undef
  3246:19  warning  'math' is not defined                                no-undef
  3247:22  warning  'math' is not defined                                no-undef
  3251:10  warning  'math' is not defined                                no-undef
  3252:10  warning  'math' is not defined                                no-undef
  3253:10  warning  'math' is not defined                                no-undef
  3254:10  warning  'math' is not defined                                no-undef
  3254:19  warning  'math' is not defined                                no-undef
  3255:21  warning  'math' is not defined                                no-undef
  3256:17  warning  'math' is not defined                                no-undef
  3258:10  warning  'math' is not defined                                no-undef
  3261:12  warning  'math' is not defined                                no-undef
  3265:1   warning  Mixed spaces and tabs                                no-mixed-spaces-and-tabs
  3276:11  warning  't' is already defined                               no-redeclare
  3278:6   warning  'a' is already defined                               no-redeclare
  3278:10  warning  'math' is not defined                                no-undef
  3278:36  warning  'math' is not defined                                no-undef
  3278:59  warning  'math' is not defined                                no-undef
  3279:6   warning  'b' is already defined                               no-redeclare
  3279:10  warning  'math' is not defined                                no-undef
  3280:6   warning  'c' is already defined                               no-redeclare
  3280:10  warning  'math' is not defined                                no-undef
  3281:6   warning  'd' is already defined                               no-redeclare
  3281:10  warning  'math' is not defined                                no-undef
  3281:19  warning  'math' is not defined                                no-undef
  3282:6   warning  'scndcompprt1' is already defined                    no-redeclare
  3282:22  warning  'math' is not defined                                no-undef
  3284:6   warning  'frstcomp' is already defined                        no-redeclare
  3286:6   warning  'e' is already defined                               no-redeclare
  3286:10  warning  'math' is not defined                                no-undef
  3287:6   warning  'f' is already defined                               no-redeclare
  3287:10  warning  'math' is not defined                                no-undef
  3288:6   warning  'g' is already defined                               no-redeclare
  3288:10  warning  'math' is not defined                                no-undef
  3289:6   warning  'h' is already defined                               no-redeclare
  3289:10  warning  'math' is not defined                                no-undef
  3289:19  warning  'math' is not defined                                no-undef
  3290:6   warning  'scndcompprt2' is already defined                    no-redeclare
  3290:21  warning  'math' is not defined                                no-undef
  3291:6   warning  'scndcomp' is already defined                        no-redeclare
  3291:17  warning  'math' is not defined                                no-undef
  3293:6   warning  'j' is already defined                               no-redeclare
  3293:10  warning  'math' is not defined                                no-undef
  3296:6   warning  'yop' is already defined                             no-redeclare
  3296:12  warning  'math' is not defined                                no-undef
  3299:1   warning  Mixed spaces and tabs                                no-mixed-spaces-and-tabs
  3302:6   warning  'measured' is already defined                        no-redeclare
  3303:6   warning  'set' is already defined                             no-redeclare
  3311:18  warning  'CanvasJS' is not defined                            no-undef
  3314:2   warning  Mixed spaces and tabs                                no-mixed-spaces-and-tabs
  3315:2   warning  Mixed spaces and tabs                                no-mixed-spaces-and-tabs
  3317:2   warning  Mixed spaces and tabs                                no-mixed-spaces-and-tabs
  3318:1   warning  Mixed spaces and tabs                                no-mixed-spaces-and-tabs
  3320:1   warning  Mixed spaces and tabs                                no-mixed-spaces-and-tabs
  3322:1   warning  Mixed spaces and tabs                                no-mixed-spaces-and-tabs
  3323:1   warning  Mixed spaces and tabs                                no-mixed-spaces-and-tabs
  3328:1   warning  Mixed spaces and tabs                                no-mixed-spaces-and-tabs
  3391:27  warning  'count' is assigned a value but never used           no-unused-vars
  3406:10  warning  'math' is not defined                                no-undef
  3406:23  warning  'math' is not defined                                no-undef
  3406:45  warning  'math' is not defined                                no-undef
  3406:62  warning  'math' is not defined                                no-undef
  3406:85  warning  'math' is not defined                                no-undef
  3407:10  warning  'math' is not defined                                no-undef
  3408:10  warning  'math' is not defined                                no-undef
  3409:10  warning  'math' is not defined                                no-undef
  3409:19  warning  'math' is not defined                                no-undef
  3410:22  warning  'math' is not defined                                no-undef
  3412:17  warning  'math' is not defined                                no-undef
  3412:39  warning  'math' is not defined                                no-undef
  3414:10  warning  'math' is not defined                                no-undef
  3415:10  warning  'math' is not defined                                no-undef
  3416:10  warning  'math' is not defined                                no-undef
  3417:10  warning  'math' is not defined                                no-undef
  3417:19  warning  'math' is not defined                                no-undef
  3418:21  warning  'math' is not defined                                no-undef
  3419:17  warning  'math' is not defined                                no-undef
  3421:10  warning  'math' is not defined                                no-undef
  3424:12  warning  'math' is not defined                                no-undef
  3428:1   warning  Mixed spaces and tabs                                no-mixed-spaces-and-tabs
  3439:11  warning  't' is already defined                               no-redeclare
  3441:6   warning  'a' is already defined                               no-redeclare
  3441:10  warning  'math' is not defined                                no-undef
  3441:23  warning  'math' is not defined                                no-undef
  3441:45  warning  'math' is not defined                                no-undef
  3441:62  warning  'math' is not defined                                no-undef
  3441:85  warning  'math' is not defined                                no-undef
  3442:6   warning  'b' is already defined                               no-redeclare
  3442:10  warning  'math' is not defined                                no-undef
  3443:6   warning  'c' is already defined                               no-redeclare
  3443:10  warning  'math' is not defined                                no-undef
  3444:6   warning  'd' is already defined                               no-redeclare
  3444:10  warning  'math' is not defined                                no-undef
  3444:19  warning  'math' is not defined                                no-undef
  3445:6   warning  'scndcompprt1' is already defined                    no-redeclare
  3445:22  warning  'math' is not defined                                no-undef
  3447:6   warning  'frstcomp' is already defined                        no-redeclare
  3447:17  warning  'math' is not defined                                no-undef
  3447:39  warning  'math' is not defined                                no-undef
  3449:6   warning  'e' is already defined                               no-redeclare
  3449:10  warning  'math' is not defined                                no-undef
  3450:6   warning  'f' is already defined                               no-redeclare
  3450:10  warning  'math' is not defined                                no-undef
  3451:6   warning  'g' is already defined                               no-redeclare
  3451:10  warning  'math' is not defined                                no-undef
  3452:6   warning  'h' is already defined                               no-redeclare
  3452:10  warning  'math' is not defined                                no-undef
  3452:19  warning  'math' is not defined                                no-undef
  3453:6   warning  'scndcompprt2' is already defined                    no-redeclare
  3453:21  warning  'math' is not defined                                no-undef
  3454:6   warning  'scndcomp' is already defined                        no-redeclare
  3454:17  warning  'math' is not defined                                no-undef
  3456:6   warning  'j' is already defined                               no-redeclare
  3456:10  warning  'math' is not defined                                no-undef
  3459:6   warning  'yop' is already defined                             no-redeclare
  3459:12  warning  'math' is not defined                                no-undef
  3462:1   warning  Mixed spaces and tabs                                no-mixed-spaces-and-tabs
  3465:6   warning  'measured' is already defined                        no-redeclare
  3466:6   warning  'set' is already defined                             no-redeclare
  3474:18  warning  'CanvasJS' is not defined                            no-undef
  3477:2   warning  Mixed spaces and tabs                                no-mixed-spaces-and-tabs
  3478:2   warning  Mixed spaces and tabs                                no-mixed-spaces-and-tabs
  3480:2   warning  Mixed spaces and tabs                                no-mixed-spaces-and-tabs
  3481:1   warning  Mixed spaces and tabs                                no-mixed-spaces-and-tabs
  3483:1   warning  Mixed spaces and tabs                                no-mixed-spaces-and-tabs
  3485:1   warning  Mixed spaces and tabs                                no-mixed-spaces-and-tabs
  3486:1   warning  Mixed spaces and tabs                                no-mixed-spaces-and-tabs
  3491:1   warning  Mixed spaces and tabs                                no-mixed-spaces-and-tabs
  3572:11  warning  'math' is not defined                                no-undef
  3573:11  warning  'math' is not defined                                no-undef
  3574:11  warning  'math' is not defined                                no-undef
  3575:11  warning  'math' is not defined                                no-undef
  3575:20  warning  'math' is not defined                                no-undef
  3576:11  warning  'math' is not defined                                no-undef
  3577:11  warning  'math' is not defined                                no-undef
  3578:11  warning  'math' is not defined                                no-undef
  3579:11  warning  'math' is not defined                                no-undef
  3579:20  warning  'math' is not defined                                no-undef
  3580:11  warning  'math' is not defined                                no-undef
  3581:12  warning  'math' is not defined                                no-undef
  3583:12  warning  'math' is not defined                                no-undef
  3584:12  warning  'math' is not defined                                no-undef
  3584:21  warning  'math' is not defined                                no-undef
  3585:12  warning  'math' is not defined                                no-undef
  3587:22  warning  'math' is not defined                                no-undef
  3587:53  warning  'math' is not defined                                no-undef
  3590:1   warning  Mixed spaces and tabs                                no-mixed-spaces-and-tabs
  3591:1   warning  Mixed spaces and tabs                                no-mixed-spaces-and-tabs
  3592:1   warning  Mixed spaces and tabs                                no-mixed-spaces-and-tabs
  3593:1   warning  Mixed spaces and tabs                                no-mixed-spaces-and-tabs
  3594:1   warning  Mixed spaces and tabs                                no-mixed-spaces-and-tabs
  3603:11  warning  't' is already defined                               no-redeclare
  3605:6   warning  'c1' is already defined                              no-redeclare
  3605:11  warning  'math' is not defined                                no-undef
  3606:6   warning  'c2' is already defined                              no-redeclare
  3606:11  warning  'math' is not defined                                no-undef
  3607:6   warning  'c3' is already defined                              no-redeclare
  3607:11  warning  'math' is not defined                                no-undef
  3608:6   warning  'c4' is already defined                              no-redeclare
  3608:11  warning  'math' is not defined                                no-undef
  3608:20  warning  'math' is not defined                                no-undef
  3609:6   warning  'c5' is already defined                              no-redeclare
  3609:11  warning  'math' is not defined                                no-undef
  3610:6   warning  'c6' is already defined                              no-redeclare
  3610:11  warning  'math' is not defined                                no-undef
  3611:6   warning  'c7' is already defined                              no-redeclare
  3611:11  warning  'math' is not defined                                no-undef
  3612:6   warning  'c8' is already defined                              no-redeclare
  3612:11  warning  'math' is not defined                                no-undef
  3612:20  warning  'math' is not defined                                no-undef
  3613:6   warning  'c9' is already defined                              no-redeclare
  3613:11  warning  'math' is not defined                                no-undef
  3614:6   warning  'c10' is already defined                             no-redeclare
  3614:12  warning  'math' is not defined                                no-undef
  3616:6   warning  'c11' is already defined                             no-redeclare
  3616:12  warning  'math' is not defined                                no-undef
  3617:6   warning  'c12' is already defined                             no-redeclare
  3617:12  warning  'math' is not defined                                no-undef
  3617:21  warning  'math' is not defined                                no-undef
  3618:6   warning  'c13' is already defined                             no-redeclare
  3618:12  warning  'math' is not defined                                no-undef
  3620:6   warning  'complexoutput' is already defined                   no-redeclare
  3620:22  warning  'math' is not defined                                no-undef
  3620:53  warning  'math' is not defined                                no-undef
  3621:6   warning  'output' is already defined                          no-redeclare
  3622:1   warning  Mixed spaces and tabs                                no-mixed-spaces-and-tabs
  3623:1   warning  Mixed spaces and tabs                                no-mixed-spaces-and-tabs
  3624:1   warning  Mixed spaces and tabs                                no-mixed-spaces-and-tabs
  3625:1   warning  Mixed spaces and tabs                                no-mixed-spaces-and-tabs
  3626:1   warning  Mixed spaces and tabs                                no-mixed-spaces-and-tabs
  3627:6   warning  'measured' is already defined                        no-redeclare
  3628:6   warning  'set' is already defined                             no-redeclare
  3637:18  warning  'CanvasJS' is not defined                            no-undef
  3640:2   warning  Mixed spaces and tabs                                no-mixed-spaces-and-tabs
  3641:2   warning  Mixed spaces and tabs                                no-mixed-spaces-and-tabs
  3643:2   warning  Mixed spaces and tabs                                no-mixed-spaces-and-tabs
  3644:1   warning  Mixed spaces and tabs                                no-mixed-spaces-and-tabs
  3646:1   warning  Mixed spaces and tabs                                no-mixed-spaces-and-tabs
  3648:1   warning  Mixed spaces and tabs                                no-mixed-spaces-and-tabs
  3649:1   warning  Mixed spaces and tabs                                no-mixed-spaces-and-tabs
  3654:1   warning  Mixed spaces and tabs                                no-mixed-spaces-and-tabs
  3734:11  warning  'math' is not defined                                no-undef
  3735:11  warning  'math' is not defined                                no-undef
  3736:11  warning  'math' is not defined                                no-undef
  3737:11  warning  'math' is not defined                                no-undef
  3737:20  warning  'math' is not defined                                no-undef
  3738:11  warning  'math' is not defined                                no-undef
  3739:11  warning  'math' is not defined                                no-undef
  3740:11  warning  'math' is not defined                                no-undef
  3741:11  warning  'math' is not defined                                no-undef
  3741:20  warning  'math' is not defined                                no-undef
  3742:11  warning  'math' is not defined                                no-undef
  3743:12  warning  'math' is not defined                                no-undef
  3745:12  warning  'math' is not defined                                no-undef
  3746:12  warning  'math' is not defined                                no-undef
  3746:21  warning  'math' is not defined                                no-undef
  3747:12  warning  'math' is not defined                                no-undef
  3749:22  warning  'math' is not defined                                no-undef
  3749:53  warning  'math' is not defined                                no-undef
  3752:1   warning  Mixed spaces and tabs                                no-mixed-spaces-and-tabs
  3753:1   warning  Mixed spaces and tabs                                no-mixed-spaces-and-tabs
  3754:1   warning  Mixed spaces and tabs                                no-mixed-spaces-and-tabs
  3755:1   warning  Mixed spaces and tabs                                no-mixed-spaces-and-tabs
  3756:1   warning  Mixed spaces and tabs                                no-mixed-spaces-and-tabs
  3765:11  warning  't' is already defined                               no-redeclare
  3767:6   warning  'c1' is already defined                              no-redeclare
  3767:11  warning  'math' is not defined                                no-undef
  3768:6   warning  'c2' is already defined                              no-redeclare
  3768:11  warning  'math' is not defined                                no-undef
  3769:6   warning  'c3' is already defined                              no-redeclare
  3769:11  warning  'math' is not defined                                no-undef
  3770:6   warning  'c4' is already defined                              no-redeclare
  3770:11  warning  'math' is not defined                                no-undef
  3770:20  warning  'math' is not defined                                no-undef
  3771:6   warning  'c5' is already defined                              no-redeclare
  3771:11  warning  'math' is not defined                                no-undef
  3772:6   warning  'c6' is already defined                              no-redeclare
  3772:11  warning  'math' is not defined                                no-undef
  3773:6   warning  'c7' is already defined                              no-redeclare
  3773:11  warning  'math' is not defined                                no-undef
  3774:6   warning  'c8' is already defined                              no-redeclare
  3774:11  warning  'math' is not defined                                no-undef
  3774:20  warning  'math' is not defined                                no-undef
  3775:6   warning  'c9' is already defined                              no-redeclare
  3775:11  warning  'math' is not defined                                no-undef
  3776:6   warning  'c10' is already defined                             no-redeclare
  3776:12  warning  'math' is not defined                                no-undef
  3778:6   warning  'c11' is already defined                             no-redeclare
  3778:12  warning  'math' is not defined                                no-undef
  3779:6   warning  'c12' is already defined                             no-redeclare
  3779:12  warning  'math' is not defined                                no-undef
  3779:21  warning  'math' is not defined                                no-undef
  3780:6   warning  'c13' is already defined                             no-redeclare
  3780:12  warning  'math' is not defined                                no-undef
  3782:6   warning  'complexoutput' is already defined                   no-redeclare
  3782:22  warning  'math' is not defined                                no-undef
  3782:53  warning  'math' is not defined                                no-undef
  3783:6   warning  'output' is already defined                          no-redeclare
  3785:1   warning  Mixed spaces and tabs                                no-mixed-spaces-and-tabs
  3786:1   warning  Mixed spaces and tabs                                no-mixed-spaces-and-tabs
  3787:1   warning  Mixed spaces and tabs                                no-mixed-spaces-and-tabs
  3788:1   warning  Mixed spaces and tabs                                no-mixed-spaces-and-tabs
  3789:1   warning  Mixed spaces and tabs                                no-mixed-spaces-and-tabs
  3790:6   warning  'measured' is already defined                        no-redeclare
  3791:6   warning  'set' is already defined                             no-redeclare
  3800:18  warning  'CanvasJS' is not defined                            no-undef
  3803:2   warning  Mixed spaces and tabs                                no-mixed-spaces-and-tabs
  3804:2   warning  Mixed spaces and tabs                                no-mixed-spaces-and-tabs
  3806:2   warning  Mixed spaces and tabs                                no-mixed-spaces-and-tabs
  3807:1   warning  Mixed spaces and tabs                                no-mixed-spaces-and-tabs
  3809:1   warning  Mixed spaces and tabs                                no-mixed-spaces-and-tabs
  3811:1   warning  Mixed spaces and tabs                                no-mixed-spaces-and-tabs
  3812:1   warning  Mixed spaces and tabs                                no-mixed-spaces-and-tabs
  3817:1   warning  Mixed spaces and tabs                                no-mixed-spaces-and-tabs
  3897:11  warning  'math' is not defined                                no-undef
  3898:11  warning  'math' is not defined                                no-undef
  3899:11  warning  'math' is not defined                                no-undef
  3900:11  warning  'math' is not defined                                no-undef
  3900:20  warning  'math' is not defined                                no-undef
  3901:11  warning  'math' is not defined                                no-undef
  3902:11  warning  'math' is not defined                                no-undef
  3903:11  warning  'math' is not defined                                no-undef
  3904:11  warning  'math' is not defined                                no-undef
  3904:20  warning  'math' is not defined                                no-undef
  3905:11  warning  'math' is not defined                                no-undef
  3906:12  warning  'math' is not defined                                no-undef
  3908:12  warning  'math' is not defined                                no-undef
  3909:12  warning  'math' is not defined                                no-undef
  3909:21  warning  'math' is not defined                                no-undef
  3910:12  warning  'math' is not defined                                no-undef
  3912:22  warning  'math' is not defined                                no-undef
  3912:53  warning  'math' is not defined                                no-undef
  3915:1   warning  Mixed spaces and tabs                                no-mixed-spaces-and-tabs
  3916:1   warning  Mixed spaces and tabs                                no-mixed-spaces-and-tabs
  3917:1   warning  Mixed spaces and tabs                                no-mixed-spaces-and-tabs
  3918:1   warning  Mixed spaces and tabs                                no-mixed-spaces-and-tabs
  3919:1   warning  Mixed spaces and tabs                                no-mixed-spaces-and-tabs
  3928:11  warning  't' is already defined                               no-redeclare
  3930:6   warning  'c1' is already defined                              no-redeclare
  3930:11  warning  'math' is not defined                                no-undef
  3931:6   warning  'c2' is already defined                              no-redeclare
  3931:11  warning  'math' is not defined                                no-undef
  3932:6   warning  'c3' is already defined                              no-redeclare
  3932:11  warning  'math' is not defined                                no-undef
  3933:6   warning  'c4' is already defined                              no-redeclare
  3933:11  warning  'math' is not defined                                no-undef
  3933:20  warning  'math' is not defined                                no-undef
  3934:6   warning  'c5' is already defined                              no-redeclare
  3934:11  warning  'math' is not defined                                no-undef
  3935:6   warning  'c6' is already defined                              no-redeclare
  3935:11  warning  'math' is not defined                                no-undef
  3936:6   warning  'c7' is already defined                              no-redeclare
  3936:11  warning  'math' is not defined                                no-undef
  3937:6   warning  'c8' is already defined                              no-redeclare
  3937:11  warning  'math' is not defined                                no-undef
  3937:20  warning  'math' is not defined                                no-undef
  3938:6   warning  'c9' is already defined                              no-redeclare
  3938:11  warning  'math' is not defined                                no-undef
  3939:6   warning  'c10' is already defined                             no-redeclare
  3939:12  warning  'math' is not defined                                no-undef
  3941:6   warning  'c11' is already defined                             no-redeclare
  3941:12  warning  'math' is not defined                                no-undef
  3942:6   warning  'c12' is already defined                             no-redeclare
  3942:12  warning  'math' is not defined                                no-undef
  3942:21  warning  'math' is not defined                                no-undef
  3943:6   warning  'c13' is already defined                             no-redeclare
  3943:12  warning  'math' is not defined                                no-undef
  3945:6   warning  'complexoutput' is already defined                   no-redeclare
  3945:22  warning  'math' is not defined                                no-undef
  3945:53  warning  'math' is not defined                                no-undef
  3946:6   warning  'output' is already defined                          no-redeclare
  3948:1   warning  Mixed spaces and tabs                                no-mixed-spaces-and-tabs
  3949:1   warning  Mixed spaces and tabs                                no-mixed-spaces-and-tabs
  3950:1   warning  Mixed spaces and tabs                                no-mixed-spaces-and-tabs
  3951:1   warning  Mixed spaces and tabs                                no-mixed-spaces-and-tabs
  3952:1   warning  Mixed spaces and tabs                                no-mixed-spaces-and-tabs
  3953:6   warning  'measured' is already defined                        no-redeclare
  3954:6   warning  'set' is already defined                             no-redeclare
  3963:18  warning  'CanvasJS' is not defined                            no-undef
  3966:2   warning  Mixed spaces and tabs                                no-mixed-spaces-and-tabs
  3967:2   warning  Mixed spaces and tabs                                no-mixed-spaces-and-tabs
  3969:2   warning  Mixed spaces and tabs                                no-mixed-spaces-and-tabs
  3970:1   warning  Mixed spaces and tabs                                no-mixed-spaces-and-tabs
  3972:1   warning  Mixed spaces and tabs                                no-mixed-spaces-and-tabs
  3974:1   warning  Mixed spaces and tabs                                no-mixed-spaces-and-tabs
  3975:1   warning  Mixed spaces and tabs                                no-mixed-spaces-and-tabs
  3980:1   warning  Mixed spaces and tabs                                no-mixed-spaces-and-tabs
  4061:11  warning  'math' is not defined                                no-undef
  4062:11  warning  'math' is not defined                                no-undef
  4063:11  warning  'math' is not defined                                no-undef
  4064:11  warning  'math' is not defined                                no-undef
  4064:20  warning  'math' is not defined                                no-undef
  4065:11  warning  'math' is not defined                                no-undef
  4066:11  warning  'math' is not defined                                no-undef
  4067:11  warning  'math' is not defined                                no-undef
  4068:11  warning  'math' is not defined                                no-undef
  4068:20  warning  'math' is not defined                                no-undef
  4069:11  warning  'math' is not defined                                no-undef
  4070:12  warning  'math' is not defined                                no-undef
  4072:12  warning  'math' is not defined                                no-undef
  4073:12  warning  'math' is not defined                                no-undef
  4073:21  warning  'math' is not defined                                no-undef
  4074:12  warning  'math' is not defined                                no-undef
  4076:22  warning  'math' is not defined                                no-undef
  4076:53  warning  'math' is not defined                                no-undef
  4079:1   warning  Mixed spaces and tabs                                no-mixed-spaces-and-tabs
  4080:1   warning  Mixed spaces and tabs                                no-mixed-spaces-and-tabs
  4081:1   warning  Mixed spaces and tabs                                no-mixed-spaces-and-tabs
  4082:1   warning  Mixed spaces and tabs                                no-mixed-spaces-and-tabs
  4083:1   warning  Mixed spaces and tabs                                no-mixed-spaces-and-tabs
  4092:11  warning  't' is already defined                               no-redeclare
  4094:6   warning  'c1' is already defined                              no-redeclare
  4094:11  warning  'math' is not defined                                no-undef
  4095:6   warning  'c2' is already defined                              no-redeclare
  4095:11  warning  'math' is not defined                                no-undef
  4096:6   warning  'c3' is already defined                              no-redeclare
  4096:11  warning  'math' is not defined                                no-undef
  4097:6   warning  'c4' is already defined                              no-redeclare
  4097:11  warning  'math' is not defined                                no-undef
  4097:20  warning  'math' is not defined                                no-undef
  4098:6   warning  'c5' is already defined                              no-redeclare
  4098:11  warning  'math' is not defined                                no-undef
  4099:6   warning  'c6' is already defined                              no-redeclare
  4099:11  warning  'math' is not defined                                no-undef
  4100:6   warning  'c7' is already defined                              no-redeclare
  4100:11  warning  'math' is not defined                                no-undef
  4101:6   warning  'c8' is already defined                              no-redeclare
  4101:11  warning  'math' is not defined                                no-undef
  4101:20  warning  'math' is not defined                                no-undef
  4102:6   warning  'c9' is already defined                              no-redeclare
  4102:11  warning  'math' is not defined                                no-undef
  4103:6   warning  'c10' is already defined                             no-redeclare
  4103:12  warning  'math' is not defined                                no-undef
  4105:6   warning  'c11' is already defined                             no-redeclare
  4105:12  warning  'math' is not defined                                no-undef
  4106:6   warning  'c12' is already defined                             no-redeclare
  4106:12  warning  'math' is not defined                                no-undef
  4106:21  warning  'math' is not defined                                no-undef
  4107:6   warning  'c13' is already defined                             no-redeclare
  4107:12  warning  'math' is not defined                                no-undef
  4109:6   warning  'complexoutput' is already defined                   no-redeclare
  4109:22  warning  'math' is not defined                                no-undef
  4109:53  warning  'math' is not defined                                no-undef
  4110:6   warning  'output' is already defined                          no-redeclare
  4112:1   warning  Mixed spaces and tabs                                no-mixed-spaces-and-tabs
  4113:1   warning  Mixed spaces and tabs                                no-mixed-spaces-and-tabs
  4114:1   warning  Mixed spaces and tabs                                no-mixed-spaces-and-tabs
  4115:1   warning  Mixed spaces and tabs                                no-mixed-spaces-and-tabs
  4116:1   warning  Mixed spaces and tabs                                no-mixed-spaces-and-tabs
  4117:6   warning  'measured' is already defined                        no-redeclare
  4118:6   warning  'set' is already defined                             no-redeclare
  4127:18  warning  'CanvasJS' is not defined                            no-undef
  4130:2   warning  Mixed spaces and tabs                                no-mixed-spaces-and-tabs
  4131:2   warning  Mixed spaces and tabs                                no-mixed-spaces-and-tabs
  4133:2   warning  Mixed spaces and tabs                                no-mixed-spaces-and-tabs
  4134:1   warning  Mixed spaces and tabs                                no-mixed-spaces-and-tabs
  4136:1   warning  Mixed spaces and tabs                                no-mixed-spaces-and-tabs
  4138:1   warning  Mixed spaces and tabs                                no-mixed-spaces-and-tabs
  4139:1   warning  Mixed spaces and tabs                                no-mixed-spaces-and-tabs
  4144:1   warning  Mixed spaces and tabs                                no-mixed-spaces-and-tabs
  4226:11  warning  'math' is not defined                                no-undef
  4226:24  warning  'math' is not defined                                no-undef
  4226:47  warning  'math' is not defined                                no-undef
  4227:11  warning  'math' is not defined                                no-undef
  4228:11  warning  'math' is not defined                                no-undef
  4229:11  warning  'math' is not defined                                no-undef
  4229:20  warning  'math' is not defined                                no-undef
  4230:11  warning  'math' is not defined                                no-undef
  4231:11  warning  'math' is not defined                                no-undef
  4232:11  warning  'math' is not defined                                no-undef
  4233:11  warning  'math' is not defined                                no-undef
  4233:20  warning  'math' is not defined                                no-undef
  4234:11  warning  'math' is not defined                                no-undef
  4235:12  warning  'math' is not defined                                no-undef
  4237:12  warning  'math' is not defined                                no-undef
  4238:12  warning  'math' is not defined                                no-undef
  4238:21  warning  'math' is not defined                                no-undef
  4239:12  warning  'math' is not defined                                no-undef
  4241:22  warning  'math' is not defined                                no-undef
  4241:53  warning  'math' is not defined                                no-undef
  4244:1   warning  Mixed spaces and tabs                                no-mixed-spaces-and-tabs
  4245:1   warning  Mixed spaces and tabs                                no-mixed-spaces-and-tabs
  4246:1   warning  Mixed spaces and tabs                                no-mixed-spaces-and-tabs
  4247:1   warning  Mixed spaces and tabs                                no-mixed-spaces-and-tabs
  4248:1   warning  Mixed spaces and tabs                                no-mixed-spaces-and-tabs
  4257:11  warning  't' is already defined                               no-redeclare
  4259:6   warning  'c1' is already defined                              no-redeclare
  4259:11  warning  'math' is not defined                                no-undef
  4259:24  warning  'math' is not defined                                no-undef
  4259:47  warning  'math' is not defined                                no-undef
  4260:6   warning  'c2' is already defined                              no-redeclare
  4260:11  warning  'math' is not defined                                no-undef
  4261:6   warning  'c3' is already defined                              no-redeclare
  4261:11  warning  'math' is not defined                                no-undef
  4262:6   warning  'c4' is already defined                              no-redeclare
  4262:11  warning  'math' is not defined                                no-undef
  4262:20  warning  'math' is not defined                                no-undef
  4263:6   warning  'c5' is already defined                              no-redeclare
  4263:11  warning  'math' is not defined                                no-undef
  4264:6   warning  'c6' is already defined                              no-redeclare
  4264:11  warning  'math' is not defined                                no-undef
  4265:6   warning  'c7' is already defined                              no-redeclare
  4265:11  warning  'math' is not defined                                no-undef
  4266:6   warning  'c8' is already defined                              no-redeclare
  4266:11  warning  'math' is not defined                                no-undef
  4266:20  warning  'math' is not defined                                no-undef
  4267:6   warning  'c9' is already defined                              no-redeclare
  4267:11  warning  'math' is not defined                                no-undef
  4268:6   warning  'c10' is already defined                             no-redeclare
  4268:12  warning  'math' is not defined                                no-undef
  4270:6   warning  'c11' is already defined                             no-redeclare
  4270:12  warning  'math' is not defined                                no-undef
  4271:6   warning  'c12' is already defined                             no-redeclare
  4271:12  warning  'math' is not defined                                no-undef
  4271:21  warning  'math' is not defined                                no-undef
  4272:6   warning  'c13' is already defined                             no-redeclare
  4272:12  warning  'math' is not defined                                no-undef
  4274:6   warning  'complexoutput' is already defined                   no-redeclare
  4274:22  warning  'math' is not defined                                no-undef
  4274:53  warning  'math' is not defined                                no-undef
  4275:6   warning  'output' is already defined                          no-redeclare
  4276:1   warning  Mixed spaces and tabs                                no-mixed-spaces-and-tabs
  4277:1   warning  Mixed spaces and tabs                                no-mixed-spaces-and-tabs
  4278:1   warning  Mixed spaces and tabs                                no-mixed-spaces-and-tabs
  4279:1   warning  Mixed spaces and tabs                                no-mixed-spaces-and-tabs
  4280:6   warning  'measured' is already defined                        no-redeclare
  4281:6   warning  'set' is already defined                             no-redeclare
  4292:18  warning  'CanvasJS' is not defined                            no-undef
  4295:2   warning  Mixed spaces and tabs                                no-mixed-spaces-and-tabs
  4296:2   warning  Mixed spaces and tabs                                no-mixed-spaces-and-tabs
  4298:2   warning  Mixed spaces and tabs                                no-mixed-spaces-and-tabs
  4299:1   warning  Mixed spaces and tabs                                no-mixed-spaces-and-tabs
  4301:1   warning  Mixed spaces and tabs                                no-mixed-spaces-and-tabs
  4303:1   warning  Mixed spaces and tabs                                no-mixed-spaces-and-tabs
  4304:1   warning  Mixed spaces and tabs                                no-mixed-spaces-and-tabs
  4309:1   warning  Mixed spaces and tabs                                no-mixed-spaces-and-tabs
  4389:11  warning  'math' is not defined                                no-undef
  4389:38  warning  'math' is not defined                                no-undef
  4389:47  warning  'math' is not defined                                no-undef
  4389:54  warning  'math' is not defined                                no-undef
  4390:11  warning  'math' is not defined                                no-undef
  4390:37  warning  'math' is not defined                                no-undef
  4390:46  warning  'math' is not defined                                no-undef
  4390:53  warning  'math' is not defined                                no-undef
  4391:11  warning  'math' is not defined                                no-undef
  4391:38  warning  'math' is not defined                                no-undef
  4391:47  warning  'math' is not defined                                no-undef
  4391:54  warning  'math' is not defined                                no-undef
  4393:11  warning  'math' is not defined                                no-undef
  4393:42  warning  'math' is not defined                                no-undef
  4395:1   warning  Mixed spaces and tabs                                no-mixed-spaces-and-tabs
  4396:1   warning  Mixed spaces and tabs                                no-mixed-spaces-and-tabs
  4398:1   warning  Mixed spaces and tabs                                no-mixed-spaces-and-tabs
  4399:1   warning  Mixed spaces and tabs                                no-mixed-spaces-and-tabs
  4400:1   warning  Mixed spaces and tabs                                no-mixed-spaces-and-tabs
  4401:1   warning  Mixed spaces and tabs                                no-mixed-spaces-and-tabs
  4402:1   warning  Mixed spaces and tabs                                no-mixed-spaces-and-tabs
  4411:11  warning  't' is already defined                               no-redeclare
  4413:6   warning  'd1' is already defined                              no-redeclare
  4413:11  warning  'math' is not defined                                no-undef
  4413:38  warning  'math' is not defined                                no-undef
  4413:47  warning  'math' is not defined                                no-undef
  4413:54  warning  'math' is not defined                                no-undef
  4414:6   warning  'd2' is already defined                              no-redeclare
  4414:11  warning  'math' is not defined                                no-undef
  4414:37  warning  'math' is not defined                                no-undef
  4414:46  warning  'math' is not defined                                no-undef
  4414:53  warning  'math' is not defined                                no-undef
  4415:6   warning  'd3' is already defined                              no-redeclare
  4415:11  warning  'math' is not defined                                no-undef
  4415:38  warning  'math' is not defined                                no-undef
  4415:47  warning  'math' is not defined                                no-undef
  4415:54  warning  'math' is not defined                                no-undef
  4417:6   warning  'd4' is already defined                              no-redeclare
  4417:11  warning  'math' is not defined                                no-undef
  4417:42  warning  'math' is not defined                                no-undef
  4418:6   warning  'output' is already defined                          no-redeclare
  4419:1   warning  Mixed spaces and tabs                                no-mixed-spaces-and-tabs
  4420:1   warning  Mixed spaces and tabs                                no-mixed-spaces-and-tabs
  4421:1   warning  Mixed spaces and tabs                                no-mixed-spaces-and-tabs
  4422:1   warning  Mixed spaces and tabs                                no-mixed-spaces-and-tabs
  4423:1   warning  Mixed spaces and tabs                                no-mixed-spaces-and-tabs
  4424:1   warning  Mixed spaces and tabs                                no-mixed-spaces-and-tabs
  4425:6   warning  'measured' is already defined                        no-redeclare
  4426:6   warning  'set' is already defined                             no-redeclare
  4437:18  warning  'CanvasJS' is not defined                            no-undef
  4440:2   warning  Mixed spaces and tabs                                no-mixed-spaces-and-tabs
  4441:2   warning  Mixed spaces and tabs                                no-mixed-spaces-and-tabs
  4443:2   warning  Mixed spaces and tabs                                no-mixed-spaces-and-tabs
  4444:1   warning  Mixed spaces and tabs                                no-mixed-spaces-and-tabs
  4446:1   warning  Mixed spaces and tabs                                no-mixed-spaces-and-tabs
  4448:1   warning  Mixed spaces and tabs                                no-mixed-spaces-and-tabs
  4449:1   warning  Mixed spaces and tabs                                no-mixed-spaces-and-tabs
  4454:1   warning  Mixed spaces and tabs                                no-mixed-spaces-and-tabs
  4510:35  warning  'angle4' is assigned a value but never used          no-unused-vars
  4510:45  warning  'angle5' is assigned a value but never used          no-unused-vars
  4510:55  warning  'angle6' is assigned a value but never used          no-unused-vars
  4510:65  warning  'angle7' is assigned a value but never used          no-unused-vars
  4510:75  warning  'angle8' is assigned a value but never used          no-unused-vars
  4511:10  warning  'rotate1' is defined but never used                  no-unused-vars
  4537:1   warning  Mixed spaces and tabs                                no-mixed-spaces-and-tabs
  4542:2   warning  'angle' is not defined                               no-undef
  4547:11  warning  'rotate2' is defined but never used                  no-unused-vars
  4554:1   warning  Mixed spaces and tabs                                no-mixed-spaces-and-tabs
  4573:1   warning  Mixed spaces and tabs                                no-mixed-spaces-and-tabs
  4578:2   warning  'angle' is not defined                               no-undef
  4583:11  warning  'rotate3' is defined but never used                  no-unused-vars
  4605:1   warning  Mixed spaces and tabs                                no-mixed-spaces-and-tabs
  4616:11  warning  'rotate4' is defined but never used                  no-unused-vars
  4648:11  warning  'rotate5' is defined but never used                  no-unused-vars
  4670:11  warning  'rotate6' is defined but never used                  no-unused-vars
  4736:11  warning  'planton' is defined but never used                  no-unused-vars
  4737:1   warning  Mixed spaces and tabs                                no-mixed-spaces-and-tabs
  4738:1   warning  Mixed spaces and tabs                                no-mixed-spaces-and-tabs
  4746:1   warning  Mixed spaces and tabs                                no-mixed-spaces-and-tabs
  4751:10  warning  'motoron' is defined but never used                  no-unused-vars
  4752:1   warning  Mixed spaces and tabs                                no-mixed-spaces-and-tabs
  4753:1   warning  Mixed spaces and tabs                                no-mixed-spaces-and-tabs
  4756:1   warning  Mixed spaces and tabs                                no-mixed-spaces-and-tabs
  4762:1   warning  Mixed spaces and tabs                                no-mixed-spaces-and-tabs
  4767:10  warning  'rron' is defined but never used                     no-unused-vars
  4768:1   warning  Mixed spaces and tabs                                no-mixed-spaces-and-tabs
  4769:1   warning  Mixed spaces and tabs                                no-mixed-spaces-and-tabs
  4778:1   warning  Mixed spaces and tabs                                no-mixed-spaces-and-tabs
  4784:11  warning  'rr2on' is defined but never used                    no-unused-vars
  4785:1   warning  Mixed spaces and tabs                                no-mixed-spaces-and-tabs
  4786:1   warning  Mixed spaces and tabs                                no-mixed-spaces-and-tabs
  4795:1   warning  Mixed spaces and tabs                                no-mixed-spaces-and-tabs
  4800:11  warning  'li1on' is defined but never used                    no-unused-vars
  4801:1   warning  Mixed spaces and tabs                                no-mixed-spaces-and-tabs
  4802:1   warning  Mixed spaces and tabs                                no-mixed-spaces-and-tabs
  4811:1   warning  Mixed spaces and tabs                                no-mixed-spaces-and-tabs
  4816:11  warning  'li2on' is defined but never used                    no-unused-vars
  4817:1   warning  Mixed spaces and tabs                                no-mixed-spaces-and-tabs
  4818:1   warning  Mixed spaces and tabs                                no-mixed-spaces-and-tabs
  4827:1   warning  Mixed spaces and tabs                                no-mixed-spaces-and-tabs
  4834:10  warning  'calc' is defined but never used                     no-unused-vars
  4839:39  warning  'math' is not defined                                no-undef
  4839:53  warning  'math' is not defined                                no-undef
  4839:65  warning  'math' is not defined                                no-undef
  4844:11  warning  'clr' is defined but never used                      no-unused-vars
  4845:1   warning  Mixed spaces and tabs                                no-mixed-spaces-and-tabs
  4853:1   warning  Mixed spaces and tabs                                no-mixed-spaces-and-tabs
  4854:1   warning  Mixed spaces and tabs                                no-mixed-spaces-and-tabs

/home/runner/work/exp-process-simulator-iitkgp/exp-process-simulator-iitkgp/experiment/simulation/js/process_simu_updated.js
    13:5    warning  'vmaxs' is defined but never used                    no-unused-vars
    15:5    warning  'voltperdiv' is defined but never used               no-unused-vars
    15:16   warning  'timeperdiv' is defined but never used               no-unused-vars
    27:1    warning  '$' is not defined                                   no-undef
    29:5    warning  '$' is not defined                                   no-undef
    41:29   warning  'v' is defined but never used                        no-unused-vars
    50:22   warning  Empty block statement                                no-empty
    53:15   warning  Empty block statement                                no-empty
    54:3    warning  Mixed spaces and tabs                                no-mixed-spaces-and-tabs
    60:5    warning  '$' is not defined                                   no-undef
    72:29   warning  'v' is defined but never used                        no-unused-vars
    82:22   warning  Empty block statement                                no-empty
    85:15   warning  Empty block statement                                no-empty
    86:3    warning  Mixed spaces and tabs                                no-mixed-spaces-and-tabs
    94:5    warning  '$' is not defined                                   no-undef
   106:29   warning  'v' is defined but never used                        no-unused-vars
   112:22   warning  Empty block statement                                no-empty
   115:15   warning  Empty block statement                                no-empty
   116:3    warning  Mixed spaces and tabs                                no-mixed-spaces-and-tabs
   121:5    warning  '$' is not defined                                   no-undef
   133:29   warning  'v' is defined but never used                        no-unused-vars
   140:22   warning  Empty block statement                                no-empty
   143:15   warning  Empty block statement                                no-empty
   144:3    warning  Mixed spaces and tabs                                no-mixed-spaces-and-tabs
   150:1    warning  Mixed spaces and tabs                                no-mixed-spaces-and-tabs
   150:3    warning  '$' is not defined                                   no-undef
   162:29   warning  'v' is defined but never used                        no-unused-vars
   172:22   warning  Empty block statement                                no-empty
   175:15   warning  Empty block statement                                no-empty
   176:3    warning  Mixed spaces and tabs                                no-mixed-spaces-and-tabs
   181:2    warning  '$' is not defined                                   no-undef
   196:2    warning  '$' is not defined                                   no-undef
   216:10   warning  'mainswt' is defined but never used                  no-unused-vars
   232:8    warning  Mixed spaces and tabs                                no-mixed-spaces-and-tabs
   240:8    warning  Mixed spaces and tabs                                no-mixed-spaces-and-tabs
   265:10   warning  'led' is defined but never used                      no-unused-vars
   283:4    warning  'voltperdiv1' is not defined                         no-undef
   284:4    warning  'vmaxs1' is not defined                              no-undef
   284:24   warning  'voltperdiv1' is not defined                         no-undef
   285:3    warning  'voltperdiv2' is not defined                         no-undef
   286:3    warning  'vmaxs2' is not defined                              no-undef
   286:23   warning  'voltperdiv2' is not defined                         no-undef
   295:48   warning  'vmaxs1' is not defined                              no-undef
   298:47   warning  'vmaxs2' is not defined                              no-undef
   301:47   warning  'vmaxs1' is not defined                              no-undef
   302:47   warning  'vmaxs2' is not defined                              no-undef
   333:5    warning  'axismargin' is assigned a value but never used      no-unused-vars
   340:9    warning  'numofvrtcltick' is assigned a value but never used  no-unused-vars
   345:9    warning  'axislinewidth' is assigned a value but never used   no-unused-vars
   346:9    warning  'axiscolor' is assigned a value but never used       no-unused-vars
   418:10   warning  'posiy1chnge' is defined but never used              no-unused-vars
   423:19   warning  Empty block statement                                no-empty
   428:10   warning  'posiy2chnge' is defined but never used              no-unused-vars
   430:20   warning  Empty block statement                                no-empty
   438:10   warning  'posix2chnge' is defined but never used              no-unused-vars
   449:10   warning  'ampfng' is defined but never used                   no-unused-vars
   457:12   warning  Empty block statement                                no-empty
   460:16   warning  Empty block statement                                no-empty
   466:10   warning  'freqfng' is defined but never used                  no-unused-vars
   475:15   warning  Empty block statement                                no-empty
   478:16   warning  Empty block statement                                no-empty
   494:2    warning  Mixed spaces and tabs                                no-mixed-spaces-and-tabs
   495:2    warning  Mixed spaces and tabs                                no-mixed-spaces-and-tabs
   496:2    warning  Mixed spaces and tabs                                no-mixed-spaces-and-tabs
   497:2    warning  Mixed spaces and tabs                                no-mixed-spaces-and-tabs
   534:9    warning  'i' is already defined                               no-redeclare
   573:2    warning  Mixed spaces and tabs                                no-mixed-spaces-and-tabs
   573:4    warning  Unnecessary semicolon                                no-extra-semi
   574:2    warning  Mixed spaces and tabs                                no-mixed-spaces-and-tabs
   575:2    warning  Mixed spaces and tabs                                no-mixed-spaces-and-tabs
   576:2    warning  Mixed spaces and tabs                                no-mixed-spaces-and-tabs
   614:10   warning  'channel2' is defined but never used                 no-unused-vars
   621:2    warning  Mixed spaces and tabs                                no-mixed-spaces-and-tabs
   621:4    warning  Unnecessary semicolon                                no-extra-semi
   622:2    warning  Mixed spaces and tabs                                no-mixed-spaces-and-tabs
   623:2    warning  Mixed spaces and tabs                                no-mixed-spaces-and-tabs
   624:2    warning  Mixed spaces and tabs                                no-mixed-spaces-and-tabs
   635:2    warning  'dataOPPoints' is not defined                        no-undef
   641:2    warning  'dataOPPoints' is not defined                        no-undef
   648:2    warning  'dataOPPoints' is not defined                        no-undef
   656:2    warning  'dataOPPoints' is not defined                        no-undef
   663:2    warning  'dataOPPoints' is not defined                        no-undef
   670:2    warning  'dataOPPoints' is not defined                        no-undef
   691:53   warning  'vop' is defined but never used                      no-unused-vars
   691:57   warning  'count' is assigned a value but never used           no-unused-vars
   704:1    warning  Mixed spaces and tabs                                no-mixed-spaces-and-tabs
   705:1    warning  Mixed spaces and tabs                                no-mixed-spaces-and-tabs
   706:1    warning  Mixed spaces and tabs                                no-mixed-spaces-and-tabs
   707:1    warning  Mixed spaces and tabs                                no-mixed-spaces-and-tabs
   710:1    warning  Mixed spaces and tabs                                no-mixed-spaces-and-tabs
   711:1    warning  Mixed spaces and tabs                                no-mixed-spaces-and-tabs
   712:1    warning  Mixed spaces and tabs                                no-mixed-spaces-and-tabs
   713:1    warning  Mixed spaces and tabs                                no-mixed-spaces-and-tabs
   716:1    warning  Mixed spaces and tabs                                no-mixed-spaces-and-tabs
   717:1    warning  Mixed spaces and tabs                                no-mixed-spaces-and-tabs
   718:1    warning  Mixed spaces and tabs                                no-mixed-spaces-and-tabs
   719:1    warning  Mixed spaces and tabs                                no-mixed-spaces-and-tabs
   722:1    warning  Mixed spaces and tabs                                no-mixed-spaces-and-tabs
   723:1    warning  Mixed spaces and tabs                                no-mixed-spaces-and-tabs
   724:1    warning  Mixed spaces and tabs                                no-mixed-spaces-and-tabs
   725:1    warning  Mixed spaces and tabs                                no-mixed-spaces-and-tabs
   728:1    warning  Mixed spaces and tabs                                no-mixed-spaces-and-tabs
   729:1    warning  Mixed spaces and tabs                                no-mixed-spaces-and-tabs
   730:1    warning  Mixed spaces and tabs                                no-mixed-spaces-and-tabs
   738:11   warning  'math' is not defined                                no-undef
   739:12   warning  'math' is not defined                                no-undef
   739:26   warning  'math' is not defined                                no-undef
   740:1    warning  Mixed spaces and tabs                                no-mixed-spaces-and-tabs
   740:15   warning  'math' is not defined                                no-undef
   741:1    warning  Mixed spaces and tabs                                no-mixed-spaces-and-tabs
   742:1    warning  Mixed spaces and tabs                                no-mixed-spaces-and-tabs
   742:12   warning  'math' is not defined                                no-undef
   742:26   warning  'math' is not defined                                no-undef
   742:41   warning  'math' is not defined                                no-undef
   743:11   warning  'math' is not defined                                no-undef
   744:6    warning  's2' is assigned a value but never used              no-unused-vars
   746:14   warning  'math' is not defined                                no-undef
   750:12   warning  'math' is not defined                                no-undef
   750:32   warning  'math' is not defined                                no-undef
   752:16   warning  'math' is not defined                                no-undef
   752:32   warning  'math' is not defined                                no-undef
   752:46   warning  'math' is not defined                                no-undef
   752:69   warning  'math' is not defined                                no-undef
   753:16   warning  'math' is not defined                                no-undef
   753:32   warning  'math' is not defined                                no-undef
   753:52   warning  'math' is not defined                                no-undef
   754:16   warning  'math' is not defined                                no-undef
   754:32   warning  'math' is not defined                                no-undef
   754:51   warning  'math' is not defined                                no-undef
   758:24   warning  'math' is not defined                                no-undef
   759:18   warning  'math' is not defined                                no-undef
   759:52   warning  'math' is not defined                                no-undef
   759:66   warning  'math' is not defined                                no-undef
   759:75   warning  'math' is not defined                                no-undef
   759:98   warning  'math' is not defined                                no-undef
   764:14   warning  'math' is not defined                                no-undef
   764:35   warning  'math' is not defined                                no-undef
   764:44   warning  'math' is not defined                                no-undef
   764:51   warning  'math' is not defined                                no-undef
   765:14   warning  'math' is not defined                                no-undef
   765:35   warning  'math' is not defined                                no-undef
   765:44   warning  'math' is not defined                                no-undef
   765:51   warning  'math' is not defined                                no-undef
   767:1    warning  Mixed spaces and tabs                                no-mixed-spaces-and-tabs
   767:13   warning  'math' is not defined                                no-undef
   770:1    warning  Mixed spaces and tabs                                no-mixed-spaces-and-tabs
   771:1    warning  Mixed spaces and tabs                                no-mixed-spaces-and-tabs
   779:1    warning  Mixed spaces and tabs                                no-mixed-spaces-and-tabs
   780:1    warning  Mixed spaces and tabs                                no-mixed-spaces-and-tabs
   784:11   warning  't' is already defined                               no-redeclare
   784:15   warning  'math' is not defined                                no-undef
   784:29   warning  'math' is not defined                                no-undef
   784:38   warning  'math' is not defined                                no-undef
   784:61   warning  'math' is not defined                                no-undef
   784:97   warning  'math' is not defined                                no-undef
   784:113  warning  'math' is not defined                                no-undef
   784:143  warning  'math' is not defined                                no-undef
   788:6    warning  'part1' is already defined                           no-redeclare
   789:6    warning  'part2' is already defined                           no-redeclare
   789:14   warning  'math' is not defined                                no-undef
   789:35   warning  'math' is not defined                                no-undef
   789:44   warning  'math' is not defined                                no-undef
   789:51   warning  'math' is not defined                                no-undef
   790:6    warning  'part3' is already defined                           no-redeclare
   790:14   warning  'math' is not defined                                no-undef
   790:35   warning  'math' is not defined                                no-undef
   790:44   warning  'math' is not defined                                no-undef
   790:51   warning  'math' is not defined                                no-undef
   792:1    warning  Mixed spaces and tabs                                no-mixed-spaces-and-tabs
   792:13   warning  'math' is not defined                                no-undef
   796:1    warning  Mixed spaces and tabs                                no-mixed-spaces-and-tabs
   797:1    warning  Mixed spaces and tabs                                no-mixed-spaces-and-tabs
   805:1    warning  Mixed spaces and tabs                                no-mixed-spaces-and-tabs
   806:1    warning  Mixed spaces and tabs                                no-mixed-spaces-and-tabs
   807:1    warning  Mixed spaces and tabs                                no-mixed-spaces-and-tabs
   810:1    warning  Mixed spaces and tabs                                no-mixed-spaces-and-tabs
   810:15   warning  'math' is not defined                                no-undef
   813:16   warning  'math' is not defined                                no-undef
   813:30   warning  'math' is not defined                                no-undef
   817:6    warning  'vir2Pos' is already defined                         no-redeclare
   817:16   warning  'math' is not defined                                no-undef
   817:30   warning  'math' is not defined                                no-undef
   821:14   warning  'math' is not defined                                no-undef
   821:23   warning  'math' is not defined                                no-undef
   830:18   warning  'CanvasJS' is not defined                            no-undef
   833:2    warning  Mixed spaces and tabs                                no-mixed-spaces-and-tabs
   834:2    warning  Mixed spaces and tabs                                no-mixed-spaces-and-tabs
   836:2    warning  Mixed spaces and tabs                                no-mixed-spaces-and-tabs
   837:1    warning  Mixed spaces and tabs                                no-mixed-spaces-and-tabs
   839:1    warning  Mixed spaces and tabs                                no-mixed-spaces-and-tabs
   841:1    warning  Mixed spaces and tabs                                no-mixed-spaces-and-tabs
   842:1    warning  Mixed spaces and tabs                                no-mixed-spaces-and-tabs
   848:1    warning  Mixed spaces and tabs                                no-mixed-spaces-and-tabs
   918:53   warning  'vop' is defined but never used                      no-unused-vars
   918:57   warning  'count' is assigned a value but never used           no-unused-vars
   936:11   warning  'math' is not defined                                no-undef
   939:11   warning  'math' is not defined                                no-undef
   942:12   warning  'math' is not defined                                no-undef
   942:26   warning  'math' is not defined                                no-undef
   943:1    warning  Mixed spaces and tabs                                no-mixed-spaces-and-tabs
   943:15   warning  'math' is not defined                                no-undef
   944:1    warning  Mixed spaces and tabs                                no-mixed-spaces-and-tabs
   945:1    warning  Mixed spaces and tabs                                no-mixed-spaces-and-tabs
   945:12   warning  'math' is not defined                                no-undef
   945:29   warning  'math' is not defined                                no-undef
   945:45   warning  Unnecessary semicolon                                no-extra-semi
   946:1    warning  Mixed spaces and tabs                                no-mixed-spaces-and-tabs
   946:12   warning  'math' is not defined                                no-undef
   946:21   warning  'math' is not defined                                no-undef
   947:1    warning  Mixed spaces and tabs                                no-mixed-spaces-and-tabs
   947:12   warning  'math' is not defined                                no-undef
   948:1    warning  Mixed spaces and tabs                                no-mixed-spaces-and-tabs
   950:14   warning  'math' is not defined                                no-undef
   955:14   warning  'math' is not defined                                no-undef
   955:34   warning  'math' is not defined                                no-undef
   956:14   warning  'math' is not defined                                no-undef
   956:31   warning  'math' is not defined                                no-undef
   956:40   warning  'math' is not defined                                no-undef
   956:68   warning  'math' is not defined                                no-undef
   957:14   warning  'math' is not defined                                no-undef
   957:31   warning  'math' is not defined                                no-undef
   957:40   warning  'math' is not defined                                no-undef
   957:67   warning  'math' is not defined                                no-undef
   958:14   warning  'math' is not defined                                no-undef
   958:31   warning  'math' is not defined                                no-undef
   958:40   warning  'math' is not defined                                no-undef
   958:68   warning  'math' is not defined                                no-undef
   960:11   warning  'math' is not defined                                no-undef
   960:29   warning  'math' is not defined                                no-undef
   960:43   warning  'math' is not defined                                no-undef
   960:66   warning  'math' is not defined                                no-undef
   960:88   warning  'math' is not defined                                no-undef
   961:11   warning  'math' is not defined                                no-undef
   961:29   warning  'math' is not defined                                no-undef
   961:49   warning  'math' is not defined                                no-undef
   961:75   warning  'math' is not defined                                no-undef
   962:11   warning  'math' is not defined                                no-undef
   962:29   warning  'math' is not defined                                no-undef
   962:48   warning  'math' is not defined                                no-undef
   962:74   warning  'math' is not defined                                no-undef
   963:11   warning  'math' is not defined                                no-undef
   963:29   warning  'math' is not defined                                no-undef
   963:49   warning  'math' is not defined                                no-undef
   963:76   warning  'math' is not defined                                no-undef
   967:24   warning  'math' is not defined                                no-undef
   968:18   warning  'math' is not defined                                no-undef
   968:52   warning  'math' is not defined                                no-undef
   968:66   warning  'math' is not defined                                no-undef
   968:75   warning  'math' is not defined                                no-undef
   968:98   warning  'math' is not defined                                no-undef
   973:14   warning  'math' is not defined                                no-undef
   973:30   warning  'math' is not defined                                no-undef
   973:39   warning  'math' is not defined                                no-undef
   973:46   warning  'math' is not defined                                no-undef
   974:14   warning  'math' is not defined                                no-undef
   974:30   warning  'math' is not defined                                no-undef
   974:39   warning  'math' is not defined                                no-undef
   974:46   warning  'math' is not defined                                no-undef
   975:14   warning  'math' is not defined                                no-undef
   975:30   warning  'math' is not defined                                no-undef
   975:39   warning  'math' is not defined                                no-undef
   975:46   warning  'math' is not defined                                no-undef
   977:13   warning  'math' is not defined                                no-undef
   980:1    warning  Mixed spaces and tabs                                no-mixed-spaces-and-tabs
   981:1    warning  Mixed spaces and tabs                                no-mixed-spaces-and-tabs
   982:1    warning  Mixed spaces and tabs                                no-mixed-spaces-and-tabs
   983:1    warning  Mixed spaces and tabs                                no-mixed-spaces-and-tabs
   983:15   warning  'math' is not defined                                no-undef
   987:16   warning  'math' is not defined                                no-undef
   987:30   warning  'math' is not defined                                no-undef
   991:6    warning  'vir2Pos' is already defined                         no-redeclare
   991:16   warning  'math' is not defined                                no-undef
   991:30   warning  'math' is not defined                                no-undef
   996:11   warning  't' is already defined                               no-redeclare
   996:15   warning  'math' is not defined                                no-undef
   996:29   warning  'math' is not defined                                no-undef
   996:38   warning  'math' is not defined                                no-undef
   996:61   warning  'math' is not defined                                no-undef
   996:97   warning  'math' is not defined                                no-undef
   996:113  warning  'math' is not defined                                no-undef
   996:143  warning  'math' is not defined                                no-undef
  1000:6    warning  'part1' is already defined                           no-redeclare
  1001:6    warning  'part2' is already defined                           no-redeclare
  1001:14   warning  'math' is not defined                                no-undef
  1001:30   warning  'math' is not defined                                no-undef
  1001:39   warning  'math' is not defined                                no-undef
  1001:46   warning  'math' is not defined                                no-undef
  1002:6    warning  'part3' is already defined                           no-redeclare
  1002:14   warning  'math' is not defined                                no-undef
  1002:30   warning  'math' is not defined                                no-undef
  1002:39   warning  'math' is not defined                                no-undef
  1002:46   warning  'math' is not defined                                no-undef
  1003:6    warning  'part4' is already defined                           no-redeclare
  1003:14   warning  'math' is not defined                                no-undef
  1003:30   warning  'math' is not defined                                no-undef
  1003:39   warning  'math' is not defined                                no-undef
  1003:46   warning  'math' is not defined                                no-undef
  1005:6    warning  'yop' is already defined                             no-redeclare
  1005:13   warning  'math' is not defined                                no-undef
  1008:1    warning  Mixed spaces and tabs                                no-mixed-spaces-and-tabs
  1009:1    warning  Mixed spaces and tabs                                no-mixed-spaces-and-tabs
  1015:14   warning  'math' is not defined                                no-undef
  1015:23   warning  'math' is not defined                                no-undef
  1021:18   warning  'CanvasJS' is not defined                            no-undef
  1024:2    warning  Mixed spaces and tabs                                no-mixed-spaces-and-tabs
  1025:2    warning  Mixed spaces and tabs                                no-mixed-spaces-and-tabs
  1027:2    warning  Mixed spaces and tabs                                no-mixed-spaces-and-tabs
  1028:1    warning  Mixed spaces and tabs                                no-mixed-spaces-and-tabs
  1030:1    warning  Mixed spaces and tabs                                no-mixed-spaces-and-tabs
  1032:1    warning  Mixed spaces and tabs                                no-mixed-spaces-and-tabs
  1033:1    warning  Mixed spaces and tabs                                no-mixed-spaces-and-tabs
  1039:1    warning  Mixed spaces and tabs                                no-mixed-spaces-and-tabs
  1108:53   warning  'vop' is defined but never used                      no-unused-vars
  1108:57   warning  'count' is assigned a value but never used           no-unused-vars
  1126:11   warning  'math' is not defined                                no-undef
  1129:11   warning  'math' is not defined                                no-undef
  1132:11   warning  'math' is not defined                                no-undef
  1135:12   warning  'math' is not defined                                no-undef
  1135:26   warning  'math' is not defined                                no-undef
  1136:1    warning  Mixed spaces and tabs                                no-mixed-spaces-and-tabs
  1136:15   warning  'math' is not defined                                no-undef
  1137:1    warning  Mixed spaces and tabs                                no-mixed-spaces-and-tabs
  1138:1    warning  Mixed spaces and tabs                                no-mixed-spaces-and-tabs
  1138:12   warning  'math' is not defined                                no-undef
  1138:29   warning  'math' is not defined                                no-undef
  1138:45   warning  Unnecessary semicolon                                no-extra-semi
  1139:1    warning  Mixed spaces and tabs                                no-mixed-spaces-and-tabs
  1139:12   warning  'math' is not defined                                no-undef
  1139:26   warning  'math' is not defined                                no-undef
  1139:41   warning  'math' is not defined                                no-undef
  1140:1    warning  Mixed spaces and tabs                                no-mixed-spaces-and-tabs
  1140:12   warning  'math' is not defined                                no-undef
  1140:21   warning  'math' is not defined                                no-undef
  1140:46   warning  'math' is not defined                                no-undef
  1140:63   warning  'math' is not defined                                no-undef
  1141:1    warning  Mixed spaces and tabs                                no-mixed-spaces-and-tabs
  1143:14   warning  'math' is not defined                                no-undef
  1148:14   warning  'math' is not defined                                no-undef
  1148:34   warning  'math' is not defined                                no-undef
  1149:14   warning  'math' is not defined                                no-undef
  1149:31   warning  'math' is not defined                                no-undef
  1149:40   warning  'math' is not defined                                no-undef
  1149:67   warning  'math' is not defined                                no-undef
  1149:84   warning  'math' is not defined                                no-undef
  1149:104  warning  'math' is not defined                                no-undef
  1150:14   warning  'math' is not defined                                no-undef
  1150:31   warning  'math' is not defined                                no-undef
  1150:40   warning  'math' is not defined                                no-undef
  1150:66   warning  'math' is not defined                                no-undef
  1150:83   warning  'math' is not defined                                no-undef
  1150:102  warning  'math' is not defined                                no-undef
  1151:14   warning  'math' is not defined                                no-undef
  1151:31   warning  'math' is not defined                                no-undef
  1151:40   warning  'math' is not defined                                no-undef
  1151:67   warning  'math' is not defined                                no-undef
  1151:84   warning  'math' is not defined                                no-undef
  1151:104  warning  'math' is not defined                                no-undef
  1153:11   warning  'math' is not defined                                no-undef
  1153:29   warning  'math' is not defined                                no-undef
  1153:43   warning  'math' is not defined                                no-undef
  1153:66   warning  'math' is not defined                                no-undef
  1153:88   warning  'math' is not defined                                no-undef
  1154:11   warning  'math' is not defined                                no-undef
  1154:29   warning  'math' is not defined                                no-undef
  1154:49   warning  'math' is not defined                                no-undef
  1154:75   warning  'math' is not defined                                no-undef
  1155:11   warning  'math' is not defined                                no-undef
  1155:29   warning  'math' is not defined                                no-undef
  1155:48   warning  'math' is not defined                                no-undef
  1155:74   warning  'math' is not defined                                no-undef
  1156:11   warning  'math' is not defined                                no-undef
  1156:29   warning  'math' is not defined                                no-undef
  1156:49   warning  'math' is not defined                                no-undef
  1156:76   warning  'math' is not defined                                no-undef
  1160:24   warning  'math' is not defined                                no-undef
  1161:18   warning  'math' is not defined                                no-undef
  1161:52   warning  'math' is not defined                                no-undef
  1161:66   warning  'math' is not defined                                no-undef
  1161:75   warning  'math' is not defined                                no-undef
  1161:98   warning  'math' is not defined                                no-undef
  1166:14   warning  'math' is not defined                                no-undef
  1166:30   warning  'math' is not defined                                no-undef
  1166:39   warning  'math' is not defined                                no-undef
  1166:46   warning  'math' is not defined                                no-undef
  1167:14   warning  'math' is not defined                                no-undef
  1167:30   warning  'math' is not defined                                no-undef
  1167:39   warning  'math' is not defined                                no-undef
  1167:46   warning  'math' is not defined                                no-undef
  1168:14   warning  'math' is not defined                                no-undef
  1168:30   warning  'math' is not defined                                no-undef
  1168:39   warning  'math' is not defined                                no-undef
  1168:46   warning  'math' is not defined                                no-undef
  1170:13   warning  'math' is not defined                                no-undef
  1173:1    warning  Mixed spaces and tabs                                no-mixed-spaces-and-tabs
  1174:1    warning  Mixed spaces and tabs                                no-mixed-spaces-and-tabs
  1175:1    warning  Mixed spaces and tabs                                no-mixed-spaces-and-tabs
  1176:1    warning  Mixed spaces and tabs                                no-mixed-spaces-and-tabs
  1176:15   warning  'math' is not defined                                no-undef
  1180:16   warning  'math' is not defined                                no-undef
  1180:30   warning  'math' is not defined                                no-undef
  1184:6    warning  'vir2Pos' is already defined                         no-redeclare
  1184:16   warning  'math' is not defined                                no-undef
  1184:30   warning  'math' is not defined                                no-undef
  1189:11   warning  't' is already defined                               no-redeclare
  1189:15   warning  'math' is not defined                                no-undef
  1189:29   warning  'math' is not defined                                no-undef
  1189:38   warning  'math' is not defined                                no-undef
  1189:61   warning  'math' is not defined                                no-undef
  1189:97   warning  'math' is not defined                                no-undef
  1189:113  warning  'math' is not defined                                no-undef
  1189:143  warning  'math' is not defined                                no-undef
  1193:6    warning  'part1' is already defined                           no-redeclare
  1194:6    warning  'part2' is already defined                           no-redeclare
  1194:14   warning  'math' is not defined                                no-undef
  1194:30   warning  'math' is not defined                                no-undef
  1194:39   warning  'math' is not defined                                no-undef
  1194:46   warning  'math' is not defined                                no-undef
  1195:6    warning  'part3' is already defined                           no-redeclare
  1195:14   warning  'math' is not defined                                no-undef
  1195:30   warning  'math' is not defined                                no-undef
  1195:39   warning  'math' is not defined                                no-undef
  1195:46   warning  'math' is not defined                                no-undef
  1196:6    warning  'part4' is already defined                           no-redeclare
  1196:14   warning  'math' is not defined                                no-undef
  1196:30   warning  'math' is not defined                                no-undef
  1196:39   warning  'math' is not defined                                no-undef
  1196:46   warning  'math' is not defined                                no-undef
  1198:6    warning  'yop' is already defined                             no-redeclare
  1198:13   warning  'math' is not defined                                no-undef
  1201:1    warning  Mixed spaces and tabs                                no-mixed-spaces-and-tabs
  1202:1    warning  Mixed spaces and tabs                                no-mixed-spaces-and-tabs
  1208:14   warning  'math' is not defined                                no-undef
  1208:23   warning  'math' is not defined                                no-undef
  1214:18   warning  'CanvasJS' is not defined                            no-undef
  1217:2    warning  Mixed spaces and tabs                                no-mixed-spaces-and-tabs
  1218:2    warning  Mixed spaces and tabs                                no-mixed-spaces-and-tabs
  1220:2    warning  Mixed spaces and tabs                                no-mixed-spaces-and-tabs
  1221:1    warning  Mixed spaces and tabs                                no-mixed-spaces-and-tabs
  1223:1    warning  Mixed spaces and tabs                                no-mixed-spaces-and-tabs
  1225:1    warning  Mixed spaces and tabs                                no-mixed-spaces-and-tabs
  1226:1    warning  Mixed spaces and tabs                                no-mixed-spaces-and-tabs
  1232:1    warning  Mixed spaces and tabs                                no-mixed-spaces-and-tabs
  1289:10   warning  'dual' is defined but never used                     no-unused-vars
  1313:9    warning  'i' is already defined                               no-redeclare
  1345:2    warning  'dataOPPoints' is not defined                        no-undef
  1351:2    warning  'dataOPPoints' is not defined                        no-undef
  1357:2    warning  'dataOPPoints' is not defined                        no-undef
  1365:2    warning  'dataOPPoints' is not defined                        no-undef
  1372:2    warning  'dataOPPoints' is not defined                        no-undef
  1379:2    warning  'dataOPPoints' is not defined                        no-undef
  1396:53   warning  'vop' is defined but never used                      no-unused-vars
  1396:57   warning  'count' is assigned a value but never used           no-unused-vars
  1409:1    warning  Mixed spaces and tabs                                no-mixed-spaces-and-tabs
  1410:1    warning  Mixed spaces and tabs                                no-mixed-spaces-and-tabs
  1411:1    warning  Mixed spaces and tabs                                no-mixed-spaces-and-tabs
  1412:1    warning  Mixed spaces and tabs                                no-mixed-spaces-and-tabs
  1415:1    warning  Mixed spaces and tabs                                no-mixed-spaces-and-tabs
  1416:1    warning  Mixed spaces and tabs                                no-mixed-spaces-and-tabs
  1417:1    warning  Mixed spaces and tabs                                no-mixed-spaces-and-tabs
  1418:1    warning  Mixed spaces and tabs                                no-mixed-spaces-and-tabs
  1421:1    warning  Mixed spaces and tabs                                no-mixed-spaces-and-tabs
  1422:1    warning  Mixed spaces and tabs                                no-mixed-spaces-and-tabs
  1423:1    warning  Mixed spaces and tabs                                no-mixed-spaces-and-tabs
  1424:1    warning  Mixed spaces and tabs                                no-mixed-spaces-and-tabs
  1427:1    warning  Mixed spaces and tabs                                no-mixed-spaces-and-tabs
  1428:1    warning  Mixed spaces and tabs                                no-mixed-spaces-and-tabs
  1429:1    warning  Mixed spaces and tabs                                no-mixed-spaces-and-tabs
  1430:1    warning  Mixed spaces and tabs                                no-mixed-spaces-and-tabs
  1433:1    warning  Mixed spaces and tabs                                no-mixed-spaces-and-tabs
  1434:1    warning  Mixed spaces and tabs                                no-mixed-spaces-and-tabs
  1435:1    warning  Mixed spaces and tabs                                no-mixed-spaces-and-tabs
  1443:11   warning  'math' is not defined                                no-undef
  1444:12   warning  'math' is not defined                                no-undef
  1444:26   warning  'math' is not defined                                no-undef
  1445:1    warning  Mixed spaces and tabs                                no-mixed-spaces-and-tabs
  1445:15   warning  'math' is not defined                                no-undef
  1446:1    warning  Mixed spaces and tabs                                no-mixed-spaces-and-tabs
  1447:1    warning  Mixed spaces and tabs                                no-mixed-spaces-and-tabs
  1447:12   warning  'math' is not defined                                no-undef
  1447:26   warning  'math' is not defined                                no-undef
  1447:41   warning  'math' is not defined                                no-undef
  1448:11   warning  'math' is not defined                                no-undef
  1449:6    warning  's2' is assigned a value but never used              no-unused-vars
  1451:14   warning  'math' is not defined                                no-undef
  1455:12   warning  'math' is not defined                                no-undef
  1455:32   warning  'math' is not defined                                no-undef
  1457:16   warning  'math' is not defined                                no-undef
  1457:32   warning  'math' is not defined                                no-undef
  1457:46   warning  'math' is not defined                                no-undef
  1457:69   warning  'math' is not defined                                no-undef
  1458:16   warning  'math' is not defined                                no-undef
  1458:32   warning  'math' is not defined                                no-undef
  1458:52   warning  'math' is not defined                                no-undef
  1459:16   warning  'math' is not defined                                no-undef
  1459:32   warning  'math' is not defined                                no-undef
  1459:51   warning  'math' is not defined                                no-undef
  1463:24   warning  'math' is not defined                                no-undef
  1464:18   warning  'math' is not defined                                no-undef
  1464:52   warning  'math' is not defined                                no-undef
  1464:66   warning  'math' is not defined                                no-undef
  1464:75   warning  'math' is not defined                                no-undef
  1464:98   warning  'math' is not defined                                no-undef
  1469:14   warning  'math' is not defined                                no-undef
  1469:35   warning  'math' is not defined                                no-undef
  1469:44   warning  'math' is not defined                                no-undef
  1469:51   warning  'math' is not defined                                no-undef
  1470:14   warning  'math' is not defined                                no-undef
  1470:35   warning  'math' is not defined                                no-undef
  1470:44   warning  'math' is not defined                                no-undef
  1470:51   warning  'math' is not defined                                no-undef
  1472:13   warning  'math' is not defined                                no-undef
  1475:1    warning  Mixed spaces and tabs                                no-mixed-spaces-and-tabs
  1485:13   warning  'math' is not defined                                no-undef
  1486:12   warning  'math' is not defined                                no-undef
  1486:24   warning  'math' is not defined                                no-undef
  1495:16   warning  'math' is not defined                                no-undef
  1495:30   warning  'math' is not defined                                no-undef
  1499:6    warning  'vir2Pos' is already defined                         no-redeclare
  1499:16   warning  'math' is not defined                                no-undef
  1499:30   warning  'math' is not defined                                no-undef
  1504:11   warning  't' is already defined                               no-redeclare
  1504:15   warning  'math' is not defined                                no-undef
  1504:29   warning  'math' is not defined                                no-undef
  1504:38   warning  'math' is not defined                                no-undef
  1504:61   warning  'math' is not defined                                no-undef
  1504:97   warning  'math' is not defined                                no-undef
  1504:113  warning  'math' is not defined                                no-undef
  1504:143  warning  'math' is not defined                                no-undef
  1508:6    warning  'part1' is already defined                           no-redeclare
  1509:6    warning  'part2' is already defined                           no-redeclare
  1509:14   warning  'math' is not defined                                no-undef
  1509:35   warning  'math' is not defined                                no-undef
  1509:44   warning  'math' is not defined                                no-undef
  1509:51   warning  'math' is not defined                                no-undef
  1510:6    warning  'part3' is already defined                           no-redeclare
  1510:14   warning  'math' is not defined                                no-undef
  1510:35   warning  'math' is not defined                                no-undef
  1510:44   warning  'math' is not defined                                no-undef
  1510:51   warning  'math' is not defined                                no-undef
  1512:6    warning  'yop' is already defined                             no-redeclare
  1512:13   warning  'math' is not defined                                no-undef
  1516:1    warning  Mixed spaces and tabs                                no-mixed-spaces-and-tabs
  1517:1    warning  Mixed spaces and tabs                                no-mixed-spaces-and-tabs
  1525:6    warning  'set' is already defined                             no-redeclare
  1526:6    warning  'diff' is already defined                            no-redeclare
  1526:13   warning  'math' is not defined                                no-undef
  1527:12   warning  'math' is not defined                                no-undef
  1527:24   warning  'math' is not defined                                no-undef
  1535:18   warning  'CanvasJS' is not defined                            no-undef
  1538:2    warning  Mixed spaces and tabs                                no-mixed-spaces-and-tabs
  1539:2    warning  Mixed spaces and tabs                                no-mixed-spaces-and-tabs
  1541:2    warning  Mixed spaces and tabs                                no-mixed-spaces-and-tabs
  1542:1    warning  Mixed spaces and tabs                                no-mixed-spaces-and-tabs
  1544:1    warning  Mixed spaces and tabs                                no-mixed-spaces-and-tabs
  1546:1    warning  Mixed spaces and tabs                                no-mixed-spaces-and-tabs
  1547:1    warning  Mixed spaces and tabs                                no-mixed-spaces-and-tabs
  1552:1    warning  Mixed spaces and tabs                                no-mixed-spaces-and-tabs
  1620:53   warning  'vop' is defined but never used                      no-unused-vars
  1620:57   warning  'count' is assigned a value but never used           no-unused-vars
  1638:11   warning  'math' is not defined                                no-undef
  1641:11   warning  'math' is not defined                                no-undef
  1644:12   warning  'math' is not defined                                no-undef
  1644:26   warning  'math' is not defined                                no-undef
  1645:1    warning  Mixed spaces and tabs                                no-mixed-spaces-and-tabs
  1645:15   warning  'math' is not defined                                no-undef
  1646:1    warning  Mixed spaces and tabs                                no-mixed-spaces-and-tabs
  1647:1    warning  Mixed spaces and tabs                                no-mixed-spaces-and-tabs
  1647:12   warning  'math' is not defined                                no-undef
  1647:29   warning  'math' is not defined                                no-undef
  1647:45   warning  Unnecessary semicolon                                no-extra-semi
  1648:1    warning  Mixed spaces and tabs                                no-mixed-spaces-and-tabs
  1648:12   warning  'math' is not defined                                no-undef
  1648:21   warning  'math' is not defined                                no-undef
  1649:1    warning  Mixed spaces and tabs                                no-mixed-spaces-and-tabs
  1649:12   warning  'math' is not defined                                no-undef
  1650:1    warning  Mixed spaces and tabs                                no-mixed-spaces-and-tabs
  1652:14   warning  'math' is not defined                                no-undef
  1657:14   warning  'math' is not defined                                no-undef
  1657:34   warning  'math' is not defined                                no-undef
  1658:14   warning  'math' is not defined                                no-undef
  1658:31   warning  'math' is not defined                                no-undef
  1658:40   warning  'math' is not defined                                no-undef
  1658:68   warning  'math' is not defined                                no-undef
  1659:14   warning  'math' is not defined                                no-undef
  1659:31   warning  'math' is not defined                                no-undef
  1659:40   warning  'math' is not defined                                no-undef
  1659:67   warning  'math' is not defined                                no-undef
  1660:14   warning  'math' is not defined                                no-undef
  1660:31   warning  'math' is not defined                                no-undef
  1660:40   warning  'math' is not defined                                no-undef
  1660:68   warning  'math' is not defined                                no-undef
  1662:11   warning  'math' is not defined                                no-undef
  1662:29   warning  'math' is not defined                                no-undef
  1662:43   warning  'math' is not defined                                no-undef
  1662:66   warning  'math' is not defined                                no-undef
  1662:88   warning  'math' is not defined                                no-undef
  1663:11   warning  'math' is not defined                                no-undef
  1663:29   warning  'math' is not defined                                no-undef
  1663:49   warning  'math' is not defined                                no-undef
  1663:75   warning  'math' is not defined                                no-undef
  1664:11   warning  'math' is not defined                                no-undef
  1664:29   warning  'math' is not defined                                no-undef
  1664:48   warning  'math' is not defined                                no-undef
  1664:74   warning  'math' is not defined                                no-undef
  1665:11   warning  'math' is not defined                                no-undef
  1665:29   warning  'math' is not defined                                no-undef
  1665:49   warning  'math' is not defined                                no-undef
  1665:76   warning  'math' is not defined                                no-undef
  1669:24   warning  'math' is not defined                                no-undef
  1670:18   warning  'math' is not defined                                no-undef
  1670:52   warning  'math' is not defined                                no-undef
  1670:66   warning  'math' is not defined                                no-undef
  1670:75   warning  'math' is not defined                                no-undef
  1670:98   warning  'math' is not defined                                no-undef
  1675:14   warning  'math' is not defined                                no-undef
  1675:30   warning  'math' is not defined                                no-undef
  1675:39   warning  'math' is not defined                                no-undef
  1675:46   warning  'math' is not defined                                no-undef
  1676:14   warning  'math' is not defined                                no-undef
  1676:30   warning  'math' is not defined                                no-undef
  1676:39   warning  'math' is not defined                                no-undef
  1676:46   warning  'math' is not defined                                no-undef
  1677:14   warning  'math' is not defined                                no-undef
  1677:30   warning  'math' is not defined                                no-undef
  1677:39   warning  'math' is not defined                                no-undef
  1677:46   warning  'math' is not defined                                no-undef
  1679:13   warning  'math' is not defined                                no-undef
  1682:1    warning  Mixed spaces and tabs                                no-mixed-spaces-and-tabs
  1683:1    warning  Mixed spaces and tabs                                no-mixed-spaces-and-tabs
  1686:13   warning  'math' is not defined                                no-undef
  1687:12   warning  'math' is not defined                                no-undef
  1687:24   warning  'math' is not defined                                no-undef
  1696:16   warning  'math' is not defined                                no-undef
  1696:30   warning  'math' is not defined                                no-undef
  1700:6    warning  'vir2Pos' is already defined                         no-redeclare
  1700:16   warning  'math' is not defined                                no-undef
  1700:30   warning  'math' is not defined                                no-undef
  1705:11   warning  't' is already defined                               no-redeclare
  1705:15   warning  'math' is not defined                                no-undef
  1705:29   warning  'math' is not defined                                no-undef
  1705:38   warning  'math' is not defined                                no-undef
  1705:61   warning  'math' is not defined                                no-undef
  1705:97   warning  'math' is not defined                                no-undef
  1705:113  warning  'math' is not defined                                no-undef
  1705:143  warning  'math' is not defined                                no-undef
  1709:6    warning  'part1' is already defined                           no-redeclare
  1710:6    warning  'part2' is already defined                           no-redeclare
  1710:14   warning  'math' is not defined                                no-undef
  1710:30   warning  'math' is not defined                                no-undef
  1710:39   warning  'math' is not defined                                no-undef
  1710:46   warning  'math' is not defined                                no-undef
  1711:6    warning  'part3' is already defined                           no-redeclare
  1711:14   warning  'math' is not defined                                no-undef
  1711:30   warning  'math' is not defined                                no-undef
  1711:39   warning  'math' is not defined                                no-undef
  1711:46   warning  'math' is not defined                                no-undef
  1712:6    warning  'part4' is already defined                           no-redeclare
  1712:14   warning  'math' is not defined                                no-undef
  1712:30   warning  'math' is not defined                                no-undef
  1712:39   warning  'math' is not defined                                no-undef
  1712:46   warning  'math' is not defined                                no-undef
  1714:6    warning  'yop' is already defined                             no-redeclare
  1714:13   warning  'math' is not defined                                no-undef
  1717:1    warning  Mixed spaces and tabs                                no-mixed-spaces-and-tabs
  1718:1    warning  Mixed spaces and tabs                                no-mixed-spaces-and-tabs
  1720:6    warning  'set' is already defined                             no-redeclare
  1725:6    warning  'diff' is already defined                            no-redeclare
  1725:13   warning  'math' is not defined                                no-undef
  1726:12   warning  'math' is not defined                                no-undef
  1726:24   warning  'math' is not defined                                no-undef
  1735:18   warning  'CanvasJS' is not defined                            no-undef
  1738:2    warning  Mixed spaces and tabs                                no-mixed-spaces-and-tabs
  1739:2    warning  Mixed spaces and tabs                                no-mixed-spaces-and-tabs
  1741:2    warning  Mixed spaces and tabs                                no-mixed-spaces-and-tabs
  1742:1    warning  Mixed spaces and tabs                                no-mixed-spaces-and-tabs
  1744:1    warning  Mixed spaces and tabs                                no-mixed-spaces-and-tabs
  1746:1    warning  Mixed spaces and tabs                                no-mixed-spaces-and-tabs
  1747:1    warning  Mixed spaces and tabs                                no-mixed-spaces-and-tabs
  1752:1    warning  Mixed spaces and tabs                                no-mixed-spaces-and-tabs
  1821:53   warning  'vop' is defined but never used                      no-unused-vars
  1821:57   warning  'count' is assigned a value but never used           no-unused-vars
  1839:11   warning  'math' is not defined                                no-undef
  1842:11   warning  'math' is not defined                                no-undef
  1845:11   warning  'math' is not defined                                no-undef
  1848:12   warning  'math' is not defined                                no-undef
  1848:26   warning  'math' is not defined                                no-undef
  1849:1    warning  Mixed spaces and tabs                                no-mixed-spaces-and-tabs
  1849:15   warning  'math' is not defined                                no-undef
  1850:1    warning  Mixed spaces and tabs                                no-mixed-spaces-and-tabs
  1851:1    warning  Mixed spaces and tabs                                no-mixed-spaces-and-tabs
  1851:12   warning  'math' is not defined                                no-undef
  1851:29   warning  'math' is not defined                                no-undef
  1851:45   warning  Unnecessary semicolon                                no-extra-semi
  1852:1    warning  Mixed spaces and tabs                                no-mixed-spaces-and-tabs
  1852:12   warning  'math' is not defined                                no-undef
  1852:26   warning  'math' is not defined                                no-undef
  1852:41   warning  'math' is not defined                                no-undef
  1853:1    warning  Mixed spaces and tabs                                no-mixed-spaces-and-tabs
  1853:12   warning  'math' is not defined                                no-undef
  1853:21   warning  'math' is not defined                                no-undef
  1853:46   warning  'math' is not defined                                no-undef
  1853:63   warning  'math' is not defined                                no-undef
  1854:1    warning  Mixed spaces and tabs                                no-mixed-spaces-and-tabs
  1856:14   warning  'math' is not defined                                no-undef
  1861:14   warning  'math' is not defined                                no-undef
  1861:34   warning  'math' is not defined                                no-undef
  1862:14   warning  'math' is not defined                                no-undef
  1862:31   warning  'math' is not defined                                no-undef
  1862:40   warning  'math' is not defined                                no-undef
  1862:67   warning  'math' is not defined                                no-undef
  1862:84   warning  'math' is not defined                                no-undef
  1862:104  warning  'math' is not defined                                no-undef
  1863:14   warning  'math' is not defined                                no-undef
  1863:31   warning  'math' is not defined                                no-undef
  1863:40   warning  'math' is not defined                                no-undef
  1863:66   warning  'math' is not defined                                no-undef
  1863:83   warning  'math' is not defined                                no-undef
  1863:102  warning  'math' is not defined                                no-undef
  1864:14   warning  'math' is not defined                                no-undef
  1864:31   warning  'math' is not defined                                no-undef
  1864:40   warning  'math' is not defined                                no-undef
  1864:67   warning  'math' is not defined                                no-undef
  1864:84   warning  'math' is not defined                                no-undef
  1864:104  warning  'math' is not defined                                no-undef
  1866:11   warning  'math' is not defined                                no-undef
  1866:29   warning  'math' is not defined                                no-undef
  1866:43   warning  'math' is not defined                                no-undef
  1866:66   warning  'math' is not defined                                no-undef
  1866:88   warning  'math' is not defined                                no-undef
  1867:11   warning  'math' is not defined                                no-undef
  1867:29   warning  'math' is not defined                                no-undef
  1867:49   warning  'math' is not defined                                no-undef
  1867:75   warning  'math' is not defined                                no-undef
  1868:11   warning  'math' is not defined                                no-undef
  1868:29   warning  'math' is not defined                                no-undef
  1868:48   warning  'math' is not defined                                no-undef
  1868:74   warning  'math' is not defined                                no-undef
  1869:11   warning  'math' is not defined                                no-undef
  1869:29   warning  'math' is not defined                                no-undef
  1869:49   warning  'math' is not defined                                no-undef
  1869:76   warning  'math' is not defined                                no-undef
  1873:24   warning  'math' is not defined                                no-undef
  1874:18   warning  'math' is not defined                                no-undef
  1874:52   warning  'math' is not defined                                no-undef
  1874:66   warning  'math' is not defined                                no-undef
  1874:75   warning  'math' is not defined                                no-undef
  1874:98   warning  'math' is not defined                                no-undef
  1879:14   warning  'math' is not defined                                no-undef
  1879:30   warning  'math' is not defined                                no-undef
  1879:39   warning  'math' is not defined                                no-undef
  1879:46   warning  'math' is not defined                                no-undef
  1880:14   warning  'math' is not defined                                no-undef
  1880:30   warning  'math' is not defined                                no-undef
  1880:39   warning  'math' is not defined                                no-undef
  1880:46   warning  'math' is not defined                                no-undef
  1881:14   warning  'math' is not defined                                no-undef
  1881:30   warning  'math' is not defined                                no-undef
  1881:39   warning  'math' is not defined                                no-undef
  1881:46   warning  'math' is not defined                                no-undef
  1883:13   warning  'math' is not defined                                no-undef
  1886:1    warning  Mixed spaces and tabs                                no-mixed-spaces-and-tabs
  1887:1    warning  Mixed spaces and tabs                                no-mixed-spaces-and-tabs
  1890:13   warning  'math' is not defined                                no-undef
  1891:12   warning  'math' is not defined                                no-undef
  1891:24   warning  'math' is not defined                                no-undef
  1900:16   warning  'math' is not defined                                no-undef
  1900:30   warning  'math' is not defined                                no-undef
  1904:6    warning  'vir2Pos' is already defined                         no-redeclare
  1904:16   warning  'math' is not defined                                no-undef
  1904:30   warning  'math' is not defined                                no-undef
  1909:11   warning  't' is already defined                               no-redeclare
  1909:15   warning  'math' is not defined                                no-undef
  1909:29   warning  'math' is not defined                                no-undef
  1909:38   warning  'math' is not defined                                no-undef
  1909:61   warning  'math' is not defined                                no-undef
  1909:97   warning  'math' is not defined                                no-undef
  1909:113  warning  'math' is not defined                                no-undef
  1909:143  warning  'math' is not defined                                no-undef
  1913:6    warning  'part1' is already defined                           no-redeclare
  1914:6    warning  'part2' is already defined                           no-redeclare
  1914:14   warning  'math' is not defined                                no-undef
  1914:30   warning  'math' is not defined                                no-undef
  1914:39   warning  'math' is not defined                                no-undef
  1914:46   warning  'math' is not defined                                no-undef
  1915:6    warning  'part3' is already defined                           no-redeclare
  1915:14   warning  'math' is not defined                                no-undef
  1915:30   warning  'math' is not defined                                no-undef
  1915:39   warning  'math' is not defined                                no-undef
  1915:46   warning  'math' is not defined                                no-undef
  1916:6    warning  'part4' is already defined                           no-redeclare
  1916:14   warning  'math' is not defined                                no-undef
  1916:30   warning  'math' is not defined                                no-undef
  1916:39   warning  'math' is not defined                                no-undef
  1916:46   warning  'math' is not defined                                no-undef
  1918:6    warning  'yop' is already defined                             no-redeclare
  1918:13   warning  'math' is not defined                                no-undef
  1921:1    warning  Mixed spaces and tabs                                no-mixed-spaces-and-tabs
  1922:1    warning  Mixed spaces and tabs                                no-mixed-spaces-and-tabs
  1924:6    warning  'set' is already defined                             no-redeclare
  1925:6    warning  'diff' is already defined                            no-redeclare
  1925:13   warning  'math' is not defined                                no-undef
  1926:12   warning  'math' is not defined                                no-undef
  1926:24   warning  'math' is not defined                                no-undef
  1938:18   warning  'CanvasJS' is not defined                            no-undef
  1941:2    warning  Mixed spaces and tabs                                no-mixed-spaces-and-tabs
  1942:2    warning  Mixed spaces and tabs                                no-mixed-spaces-and-tabs
  1944:2    warning  Mixed spaces and tabs                                no-mixed-spaces-and-tabs
  1945:1    warning  Mixed spaces and tabs                                no-mixed-spaces-and-tabs
  1947:1    warning  Mixed spaces and tabs                                no-mixed-spaces-and-tabs
  1949:1    warning  Mixed spaces and tabs                                no-mixed-spaces-and-tabs
  1950:1    warning  Mixed spaces and tabs                                no-mixed-spaces-and-tabs
  1955:1    warning  Mixed spaces and tabs                                no-mixed-spaces-and-tabs
  2197:5    warning  'pointer1Pos' is assigned a value but never used     no-unused-vars
  2198:5    warning  'pointer2Pos' is assigned a value but never used     no-unused-vars
  2199:18   warning  'math' is not defined                                no-undef
  2199:32   warning  'math' is not defined                                no-undef
  2207:11   warning  'planton' is defined but never used                  no-unused-vars
  2208:1    warning  Mixed spaces and tabs                                no-mixed-spaces-and-tabs
  2209:1    warning  Mixed spaces and tabs                                no-mixed-spaces-and-tabs
  2217:1    warning  Mixed spaces and tabs                                no-mixed-spaces-and-tabs
  2222:10   warning  'motoron' is defined but never used                  no-unused-vars
  2223:1    warning  Mixed spaces and tabs                                no-mixed-spaces-and-tabs
  2224:1    warning  Mixed spaces and tabs                                no-mixed-spaces-and-tabs
  2227:1    warning  Mixed spaces and tabs                                no-mixed-spaces-and-tabs
  2233:1    warning  Mixed spaces and tabs                                no-mixed-spaces-and-tabs
  2238:10   warning  'rron' is defined but never used                     no-unused-vars
  2239:1    warning  Mixed spaces and tabs                                no-mixed-spaces-and-tabs
  2240:1    warning  Mixed spaces and tabs                                no-mixed-spaces-and-tabs
  2249:1    warning  Mixed spaces and tabs                                no-mixed-spaces-and-tabs
  2255:11   warning  'rr2on' is defined but never used                    no-unused-vars
  2256:1    warning  Mixed spaces and tabs                                no-mixed-spaces-and-tabs
  2257:1    warning  Mixed spaces and tabs                                no-mixed-spaces-and-tabs
  2266:1    warning  Mixed spaces and tabs                                no-mixed-spaces-and-tabs
  2271:11   warning  'li1on' is defined but never used                    no-unused-vars
  2272:1    warning  Mixed spaces and tabs                                no-mixed-spaces-and-tabs
  2273:1    warning  Mixed spaces and tabs                                no-mixed-spaces-and-tabs
  2282:1    warning  Mixed spaces and tabs                                no-mixed-spaces-and-tabs
  2287:11   warning  'li2on' is defined but never used                    no-unused-vars
  2288:1    warning  Mixed spaces and tabs                                no-mixed-spaces-and-tabs
  2289:1    warning  Mixed spaces and tabs                                no-mixed-spaces-and-tabs
  2298:1    warning  Mixed spaces and tabs                                no-mixed-spaces-and-tabs
  2305:10   warning  'calc' is defined but never used                     no-unused-vars
  2310:39   warning  'math' is not defined                                no-undef
  2310:53   warning  'math' is not defined                                no-undef
  2310:65   warning  'math' is not defined                                no-undef
  2315:11   warning  'clr' is defined but never used                      no-unused-vars
  2316:1    warning  Mixed spaces and tabs                                no-mixed-spaces-and-tabs
  2321:2    warning  'dataOPPoints' is not defined                        no-undef
  2324:1    warning  Mixed spaces and tabs                                no-mixed-spaces-and-tabs
  2325:1    warning  Mixed spaces and tabs                                no-mixed-spaces-and-tabs

/home/runner/work/exp-process-simulator-iitkgp/exp-process-simulator-iitkgp/experiment/simulation/js/squarewaveP.js
    9:5   warning  'posy2' is defined but never used        no-unused-vars
   13:5   warning  'vmaxs' is defined but never used        no-unused-vars
   18:10  warning  'posiy1chnge' is defined but never used  no-unused-vars
   24:9   warning  'drawsquare' is not defined              no-undef
   28:10  warning  'posix2chnge' is defined but never used  no-unused-vars
   34:12  warning  'drawsquare' is not defined              no-undef
   39:10  warning  'ampfng' is defined but never used       no-unused-vars
   45:11  warning  'drawsquare' is not defined              no-undef
   48:9   warning  'bthdrc' is not defined                  no-undef
   51:8   warning  'grndrc' is not defined                  no-undef
   56:10  warning  'freqfng' is defined but never used      no-unused-vars
   62:11  warning  'drawsquare' is not defined              no-undef
   66:9   warning  'bthdrc' is not defined                  no-undef
   69:8   warning  'grndrc' is not defined                  no-undef
   75:5   warning  'canvas' is not defined                  no-undef
   77:17  warning  'canvas' is not defined                  no-undef
   77:28  warning  'canvas' is not defined                  no-undef
   79:5   warning  'ctx' is not defined                     no-undef
   79:11  warning  'canvas' is not defined                  no-undef
   81:5   warning  'ctx' is not defined                     no-undef
   82:5   warning  'ctx' is not defined                     no-undef
   82:24  warning  'canvas' is not defined                  no-undef
   82:38  warning  'canvas' is not defined                  no-undef
   83:2   warning  Mixed spaces and tabs                    no-mixed-spaces-and-tabs
   84:2   warning  Mixed spaces and tabs                    no-mixed-spaces-and-tabs
   85:2   warning  Mixed spaces and tabs                    no-mixed-spaces-and-tabs
   86:2   warning  Mixed spaces and tabs                    no-mixed-spaces-and-tabs
   90:5   warning  'drawGrid' is not defined                no-undef
   90:14  warning  'ctx' is not defined                     no-undef
   91:5   warning  'drawAxis' is not defined                no-undef
  120:9   warning  'i' is already defined                   no-redeclare
  127:5   warning  'ctx' is not defined                     no-undef
  128:5   warning  'ctx' is not defined                     no-undef
  129:5   warning  'ctx' is not defined                     no-undef
  140:13  warning  'ctx' is not defined                     no-undef
  142:13  warning  'ctx' is not defined                     no-undef
  144:1   warning  'ctx' is not defined                     no-undef
  145:5   warning  'ctx' is not defined                     no-undef

✖ 3693 problems (0 errors, 3693 warnings)
  0 errors and 32 warnings potentially fixable with the `--fix` option.

